RouteId,AirlineId,Origin,Destination
0,AC,ABJ,BRU
0,AC,ABJ,OUA
0,AC,ADD,JED
0,AC,AMS,CPH
0,AC,ANU,YYZ
0,AC,ATL,DEN
0,AC,ATL,YYZ
0,AC,AUA,YYZ
0,AC,AUH,YYZ
0,AC,AZS,YUL
0,AC,AZS,YYZ
0,AC,BCN,YYZ
0,AC,BDA,YYZ
0,AC,BDL,YUL
0,AC,BDL,YYZ
0,AC,BGI,YYZ
0,AC,BJM,NBO
0,AC,BKK,ICN
0,AC,BKK,NRT
0,AC,BNA,YYZ
0,AC,BOG,YYZ
0,AC,BOS,YHZ
0,AC,BOS,YOW
0,AC,BOS,YUL
0,AC,BOS,YYZ
0,AC,BRU,BJM
0,AC,BRU,COO
0,AC,BRU,DKR
0,AC,BRU,DLA
0,AC,BRU,KGL
0,AC,BRU,LAD
0,AC,BRU,OUA
0,AC,BRU,YUL
0,AC,BRU,YYZ
0,AC,BWI,YYZ
0,AC,CCC,YYZ
0,AC,CDG,YUL
0,AC,CDG,YYZ
0,AC,CKY,DKR
0,AC,CLE,YYZ
0,AC,CLT,YYZ
0,AC,CMH,YYZ
0,AC,COO,ABJ
0,AC,CPH,AMS
0,AC,CPH,OSL
0,AC,CPH,VNO
0,AC,CPH,WAW
0,AC,CPH,YYZ
0,AC,CUN,YUL
0,AC,CUN,YYC
0,AC,CUN,YYZ
0,AC,CVG,YYZ
0,AC,CZM,YUL
0,AC,DCA,YOW
0,AC,DCA,YUL
0,AC,DCA,YYZ
0,AC,DEL,BRU
0,AC,DEN,ATL
0,AC,DEN,MSY
0,AC,DEN,YEG
0,AC,DEN,YMM
0,AC,DEN,YQR
0,AC,DEN,YUL
0,AC,DEN,YVR
0,AC,DEN,YWG
0,AC,DEN,YXE
0,AC,DEN,YYC
0,AC,DEN,YYZ
0,AC,DFW,YYZ
0,AC,DKR,BRU
0,AC,DKR,CKY
0,AC,DLA,BRU
0,AC,DLA,FIH
0,AC,DTW,YYZ
0,AC,DUB,YYZ
0,AC,EBB,BRU
0,AC,EWR,MSY
0,AC,EWR,YEG
0,AC,EWR,YUL
0,AC,EWR,YVR
0,AC,EWR,YYC
0,AC,EWR,YYZ
0,AC,EZE,SCL
0,AC,FCO,YYZ
0,AC,FDF,YUL
0,AC,FIH,BRU
0,AC,FIH,DLA
0,AC,FLL,YUL
0,AC,FLL,YYZ
0,AC,FRA,JED
0,AC,FRA,LCA
0,AC,FRA,NAP
0,AC,FRA,VLC
0,AC,FRA,VNO
0,AC,FRA,YOW
0,AC,FRA,YUL
0,AC,FRA,YVR
0,AC,FRA,YYC
0,AC,FRA,YYZ
0,AC,GCM,YYZ
0,AC,GDN,CPH
0,AC,GGT,YYZ
0,AC,GND,YYZ
0,AC,GRU,YYZ
0,AC,GVA,YUL
0,AC,HAV,YYZ
0,AC,HKG,YVR
0,AC,HKG,YYZ
0,AC,HND,YVR
0,AC,HNL,YVR
0,AC,HOG,YUL
0,AC,HOG,YYZ
0,AC,IAD,MSY
0,AC,IAD,YOW
0,AC,IAD,YUL
0,AC,IAD,YYZ
0,AC,IAH,MSY
0,AC,IAH,YEG
0,AC,IAH,YUL
0,AC,IAH,YYC
0,AC,IAH,YYZ
0,AC,ICN,BKK
0,AC,ICN,YVR
0,AC,IND,YYZ
0,AC,IST,YYZ
0,AC,JED,ADD
0,AC,JED,FRA
0,AC,JED,IST
0,AC,JFK,YYZ
0,AC,KGL,EBB
0,AC,KGL,NBO
0,AC,KIN,YYZ
0,AC,LAD,FIH
0,AC,LAS,YUL
0,AC,LAS,YVR
0,AC,LAS,YYC
0,AC,LAS,YYZ
0,AC,LAX,YLW
0,AC,LAX,YUL
0,AC,LAX,YVR
0,AC,LAX,YYC
0,AC,LAX,YYZ
0,AC,LCA,FRA
0,AC,LGA,YOW
0,AC,LGA,YUL
0,AC,LGA,YYZ
0,AC,LHR,YEG
0,AC,LHR,YHZ
0,AC,LHR,YOW
0,AC,LHR,YUL
0,AC,LHR,YVR
0,AC,LHR,YYC
0,AC,LHR,YYT
0,AC,LHR,YYZ
0,AC,LIM,YYZ
0,AC,LIR,YYZ
0,AC,MBJ,YHZ
0,AC,MBJ,YUL
0,AC,MBJ,YYZ
0,AC,MCI,YYZ
0,AC,MCO,YUL
0,AC,MCO,YYZ
0,AC,MDT,YYZ
0,AC,MEX,YVR
0,AC,MEX,YYZ
0,AC,MIA,GUA
0,AC,MIA,YYZ
0,AC,MKE,YYZ
0,AC,MSP,YYZ
0,AC,MSY,DEN
0,AC,MSY,EWR
0,AC,MSY,IAD
0,AC,MSY,IAH
0,AC,MSY,ORD
0,AC,MSY,YYZ
0,AC,MUC,SOF
0,AC,MUC,YUL
0,AC,MUC,YVR
0,AC,MUC,YYZ
0,AC,NAP,FRA
0,AC,NAS,YYZ
0,AC,NBO,BRU
0,AC,NRT,BKK
0,AC,NRT,YVR
0,AC,NRT,YYC
0,AC,NRT,YYZ
0,AC,OGG,YVR
0,AC,ORD,MSY
0,AC,ORD,YEG
0,AC,ORD,YHZ
0,AC,ORD,YOW
0,AC,ORD,YQB
0,AC,ORD,YQR
0,AC,ORD,YUL
0,AC,ORD,YVR
0,AC,ORD,YWG
0,AC,ORD,YXU
0,AC,ORD,YYC
0,AC,ORD,YYZ
0,AC,OUA,ABJ
0,AC,OUA,BRU
0,AC,PAP,YUL
0,AC,PDX,YVR
0,AC,PDX,YYC
0,AC,PEK,YVR
0,AC,PEK,YYZ
0,AC,PHL,YYZ
0,AC,PHX,YYZ
0,AC,PIT,YYZ
0,AC,PLS,YUL
0,AC,PLS,YYZ
0,AC,POP,YHZ
0,AC,POP,YYZ
0,AC,PTP,YUL
0,AC,PUJ,YUL
0,AC,PUJ,YYZ
0,AC,PVG,YVR
0,AC,PVG,YYZ
0,AC,PVR,YVR
0,AC,PVR,YYC
0,AC,RDU,YYZ
0,AC,ROC,YYZ
0,AC,RSW,YYZ
0,AC,SAN,YYZ
0,AC,SCL,EZE
0,AC,SCL,YYZ
0,AC,SEA,YVR
0,AC,SEA,YYZ
0,AC,SFO,YEG
0,AC,SFO,YUL
0,AC,SFO,YVR
0,AC,SFO,YYC
0,AC,SFO,YYJ
0,AC,SFO,YYZ
0,AC,SJD,YYC
0,AC,SJO,YYZ
0,AC,SNU,YHZ
0,AC,SNU,YUL
0,AC,SNU,YYZ
0,AC,STL,YYZ
0,AC,SYD,YVR
0,AC,SYR,YYZ
0,AC,TLV,YUL
0,AC,TLV,YYZ
0,AC,TPA,YYZ
0,AC,TRD,CPH
0,AC,UVF,YYZ
0,AC,VIE,YYZ
0,AC,VLC,FRA
0,AC,VNO,CPH
0,AC,VNO,FRA
0,AC,VRA,YUL
0,AC,VRA,YYC
0,AC,VRA,YYZ
0,AC,WAW,CPH
0,AC,WAW,YYZ
0,AC,YAM,YYZ
0,AC,YBC,YUL
0,AC,YBC,YYY
0,AC,YBG,YUL
0,AC,YBL,YQQ
0,AC,YCD,YVR
0,AC,YCG,YVR
0,AC,YCG,YYC
0,AC,YDF,YHZ
0,AC,YDF,YYR
0,AC,YDF,YYT
0,AC,YDF,YYZ
0,AC,YEG,DEN
0,AC,YEG,EWR
0,AC,YEG,IAH
0,AC,YEG,LHR
0,AC,YEG,ORD
0,AC,YEG,SFO
0,AC,YEG,YMM
0,AC,YEG,YOW
0,AC,YEG,YQR
0,AC,YEG,YQU
0,AC,YEG,YUL
0,AC,YEG,YVR
0,AC,YEG,YWG
0,AC,YEG,YXE
0,AC,YEG,YYC
0,AC,YEG,YYZ
0,AC,YEG,YZF
0,AC,YFC,YHZ
0,AC,YFC,YOW
0,AC,YFC,YUL
0,AC,YFC,YYZ
0,AC,YGK,YYZ
0,AC,YGP,YGR
0,AC,YGP,YQB
0,AC,YGR,YGP
0,AC,YHZ,BOS
0,AC,YHZ,LHR
0,AC,YHZ,ORD
0,AC,YHZ,YDF
0,AC,YHZ,YFC
0,AC,YHZ,YOW
0,AC,YHZ,YQM
0,AC,YHZ,YQX
0,AC,YHZ,YQY
0,AC,YHZ,YSJ
0,AC,YHZ,YUL
0,AC,YHZ,YYG
0,AC,YHZ,YYR
0,AC,YHZ,YYT
0,AC,YHZ,YYZ
0,AC,YKA,YVR
0,AC,YKA,YYC
0,AC,YLW,LAX
0,AC,YLW,YVR
0,AC,YLW,YYC
0,AC,YMM,DEN
0,AC,YMM,YEG
0,AC,YMM,YVR
0,AC,YMM,YYC
0,AC,YMM,YYZ
0,AC,YOW,BOS
0,AC,YOW,DCA
0,AC,YOW,FRA
0,AC,YOW,IAD
0,AC,YOW,LGA
0,AC,YOW,LHR
0,AC,YOW,ORD
0,AC,YOW,YEG
0,AC,YOW,YFC
0,AC,YOW,YHZ
0,AC,YOW,YQB
0,AC,YOW,YQM
0,AC,YOW,YUL
0,AC,YOW,YVR
0,AC,YOW,YWG
0,AC,YOW,YXU
0,AC,YOW,YYC
0,AC,YOW,YYT
0,AC,YOW,YYZ
0,AC,YPR,YVR
0,AC,YQB,ORD
0,AC,YQB,YGP
0,AC,YQB,YOW
0,AC,YQB,YUL
0,AC,YQB,YYZ
0,AC,YQB,YZV
0,AC,YQF,YYC
0,AC,YQG,YYZ
0,AC,YQL,YYC
0,AC,YQM,YHZ
0,AC,YQM,YOW
0,AC,YQM,YUL
0,AC,YQM,YYZ
0,AC,YQQ,YVR
0,AC,YQR,DEN
0,AC,YQR,ORD
0,AC,YQR,YEG
0,AC,YQR,YVR
0,AC,YQR,YWG
0,AC,YQR,YYC
0,AC,YQR,YYZ
0,AC,YQT,YWG
0,AC,YQT,YYZ
0,AC,YQU,YEG
0,AC,YQU,YYC
0,AC,YQX,YHZ
0,AC,YQX,YYR
0,AC,YQX,YYT
0,AC,YQY,YHZ
0,AC,YQY,YYZ
0,AC,YQZ,YVR
0,AC,YQZ,YWL
0,AC,YSB,YYZ
0,AC,YSJ,YHZ
0,AC,YSJ,YUL
0,AC,YSJ,YYZ
0,AC,YTS,YYZ
0,AC,YTZ,YUL
0,AC,YUL,AZS
0,AC,YUL,BDL
0,AC,YUL,BOS
0,AC,YUL,BRU
0,AC,YUL,CCC
0,AC,YUL,CDG
0,AC,YUL,CUN
0,AC,YUL,CZM
0,AC,YUL,DCA
0,AC,YUL,DEN
0,AC,YUL,EWR
0,AC,YUL,FDF
0,AC,YUL,FLL
0,AC,YUL,FRA
0,AC,YUL,GVA
0,AC,YUL,HOG
0,AC,YUL,IAD
0,AC,YUL,IAH
0,AC,YUL,LAS
0,AC,YUL,LAX
0,AC,YUL,LGA
0,AC,YUL,LHR
0,AC,YUL,MBJ
0,AC,YUL,MCO
0,AC,YUL,MUC
0,AC,YUL,ORD
0,AC,YUL,PAP
0,AC,YUL,PTP
0,AC,YUL,PUJ
0,AC,YUL,SFO
0,AC,YUL,SNU
0,AC,YUL,VRA
0,AC,YUL,YBC
0,AC,YUL,YBG
0,AC,YUL,YEG
0,AC,YUL,YFC
0,AC,YUL,YHZ
0,AC,YUL,YOW
0,AC,YUL,YQB
0,AC,YUL,YQM
0,AC,YUL,YSJ
0,AC,YUL,YTZ
0,AC,YUL,YUY
0,AC,YUL,YVO
0,AC,YUL,YVR
0,AC,YUL,YWG
0,AC,YUL,YYC
0,AC,YUL,YYG
0,AC,YUL,YYT
0,AC,YUL,YYY
0,AC,YUL,YYZ
0,AC,YUL,YZV
0,AC,YUL,ZBF
0,AC,YUL,ZRH
0,AC,YUL,ZSA
0,AC,YUY,YUL
0,AC,YUY,YVO
0,AC,YVO,YUL
0,AC,YVO,YUY
0,AC,YVR,AKL
0,AC,YVR,DEN
0,AC,YVR,EWR
0,AC,YVR,FRA
0,AC,YVR,HKG
0,AC,YVR,HND
0,AC,YVR,HNL
0,AC,YVR,ICN
0,AC,YVR,LAS
0,AC,YVR,LAX
0,AC,YVR,LHR
0,AC,YVR,MEX
0,AC,YVR,MUC
0,AC,YVR,NRT
0,AC,YVR,OGG
0,AC,YVR,ORD
0,AC,YVR,PDX
0,AC,YVR,PEK
0,AC,YVR,PVG
0,AC,YVR,PVR
0,AC,YVR,SEA
0,AC,YVR,SFO
0,AC,YVR,SYD
0,AC,YVR,YBL
0,AC,YVR,YCD
0,AC,YVR,YCG
0,AC,YVR,YEG
0,AC,YVR,YKA
0,AC,YVR,YLW
0,AC,YVR,YMM
0,AC,YVR,YOW
0,AC,YVR,YPR
0,AC,YVR,YQR
0,AC,YVR,YQZ
0,AC,YVR,YUL
0,AC,YVR,YWG
0,AC,YVR,YWL
0,AC,YVR,YXC
0,AC,YVR,YXE
0,AC,YVR,YXJ
0,AC,YVR,YXS
0,AC,YVR,YXT
0,AC,YVR,YXY
0,AC,YVR,YYC
0,AC,YVR,YYD
0,AC,YVR,YYF
0,AC,YVR,YYJ
0,AC,YVR,YYZ
0,AC,YVR,YZP
0,AC,YWG,DEN
0,AC,YWG,ORD
0,AC,YWG,YEG
0,AC,YWG,YOW
0,AC,YWG,YQR
0,AC,YWG,YQT
0,AC,YWG,YUL
0,AC,YWG,YVR
0,AC,YWG,YXE
0,AC,YWG,YYC
0,AC,YWG,YYZ
0,AC,YWK,YYR
0,AC,YWK,YZV
0,AC,YWL,YQZ
0,AC,YWL,YVR
0,AC,YXC,YVR
0,AC,YXC,YYC
0,AC,YXE,DEN
0,AC,YXE,YEG
0,AC,YXE,YVR
0,AC,YXE,YWG
0,AC,YXE,YYC
0,AC,YXE,YYZ
0,AC,YXH,YYC
0,AC,YXJ,YVR
0,AC,YXS,YVR
0,AC,YXT,YVR
0,AC,YXU,ORD
0,AC,YXU,YOW
0,AC,YXU,YYZ
0,AC,YXY,YVR
0,AC,YYB,YYZ
0,AC,YYC,CUN
0,AC,YYC,DEN
0,AC,YYC,EWR
0,AC,YYC,FRA
0,AC,YYC,IAH
0,AC,YYC,LAS
0,AC,YYC,LAX
0,AC,YYC,LHR
0,AC,YYC,NRT
0,AC,YYC,ORD
0,AC,YYC,PDX
0,AC,YYC,PVR
0,AC,YYC,SFO
0,AC,YYC,SJD
0,AC,YYC,VRA
0,AC,YYC,YCG
0,AC,YYC,YEG
0,AC,YYC,YKA
0,AC,YYC,YLW
0,AC,YYC,YMM
0,AC,YYC,YOW
0,AC,YYC,YQF
0,AC,YYC,YQL
0,AC,YYC,YQR
0,AC,YYC,YQU
0,AC,YYC,YUL
0,AC,YYC,YVR
0,AC,YYC,YWG
0,AC,YYC,YXC
0,AC,YYC,YXE
0,AC,YYC,YXH
0,AC,YYC,YYJ
0,AC,YYC,YYZ
0,AC,YYC,YZF
0,AC,YYD,YVR
0,AC,YYF,YVR
0,AC,YYG,YHZ
0,AC,YYG,YUL
0,AC,YYG,YYZ
0,AC,YYJ,SFO
0,AC,YYJ,YVR
0,AC,YYJ,YYC
0,AC,YYJ,YYZ
0,AC,YYR,YDF
0,AC,YYR,YHZ
0,AC,YYR,YQX
0,AC,YYR,YWK
0,AC,YYR,YYT
0,AC,YYT,LHR
0,AC,YYT,YDF
0,AC,YYT,YHZ
0,AC,YYT,YOW
0,AC,YYT,YQX
0,AC,YYT,YUL
0,AC,YYT,YYR
0,AC,YYT,YYZ
0,AC,YYY,YBC
0,AC,YYY,YUL
0,AC,YYZ,ANU
0,AC,YYZ,ATL
0,AC,YYZ,AUA
0,AC,YYZ,AUH
0,AC,YYZ,AZS
0,AC,YYZ,BCN
0,AC,YYZ,BDA
0,AC,YYZ,BDL
0,AC,YYZ,BGI
0,AC,YYZ,BNA
0,AC,YYZ,BOG
0,AC,YYZ,BOS
0,AC,YYZ,BWI
0,AC,YYZ,CCC
0,AC,YYZ,CDG
0,AC,YYZ,CLE
0,AC,YYZ,CLT
0,AC,YYZ,CMH
0,AC,YYZ,CPH
0,AC,YYZ,CUN
0,AC,YYZ,CVG
0,AC,YYZ,DCA
0,AC,YYZ,DEN
0,AC,YYZ,DFW
0,AC,YYZ,DTW
0,AC,YYZ,DUB
0,AC,YYZ,EWR
0,AC,YYZ,FCO
0,AC,YYZ,FLL
0,AC,YYZ,FRA
0,AC,YYZ,GCM
0,AC,YYZ,GGT
0,AC,YYZ,GND
0,AC,YYZ,GRU
0,AC,YYZ,HAV
0,AC,YYZ,HKG
0,AC,YYZ,HOG
0,AC,YYZ,IAD
0,AC,YYZ,IAH
0,AC,YYZ,IND
0,AC,YYZ,IST
0,AC,YYZ,JFK
0,AC,YYZ,KIN
0,AC,YYZ,LAS
0,AC,YYZ,LAX
0,AC,YYZ,LGA
0,AC,YYZ,LHR
0,AC,YYZ,LIM
0,AC,YYZ,LIR
0,AC,YYZ,MBJ
0,AC,YYZ,MCI
0,AC,YYZ,MCO
0,AC,YYZ,MDT
0,AC,YYZ,MEX
0,AC,YYZ,MIA
0,AC,YYZ,MKE
0,AC,YYZ,MSP
0,AC,YYZ,MSY
0,AC,YYZ,MUC
0,AC,YYZ,NAS
0,AC,YYZ,NRT
0,AC,YYZ,ORD
0,AC,YYZ,PEK
0,AC,YYZ,PHL
0,AC,YYZ,PHX
0,AC,YYZ,PIT
0,AC,YYZ,PLS
0,AC,YYZ,POP
0,AC,YYZ,PUJ
0,AC,YYZ,PVG
0,AC,YYZ,RDU
0,AC,YYZ,ROC
0,AC,YYZ,RSW
0,AC,YYZ,SAN
0,AC,YYZ,SCL
0,AC,YYZ,SEA
0,AC,YYZ,SFO
0,AC,YYZ,SJO
0,AC,YYZ,SNU
0,AC,YYZ,STL
0,AC,YYZ,SYR
0,AC,YYZ,TLV
0,AC,YYZ,TPA
0,AC,YYZ,UVF
0,AC,YYZ,VIE
0,AC,YYZ,VRA
0,AC,YYZ,WAW
0,AC,YYZ,YAM
0,AC,YYZ,YDF
0,AC,YYZ,YEG
0,AC,YYZ,YFC
0,AC,YYZ,YGK
0,AC,YYZ,YHZ
0,AC,YYZ,YMM
0,AC,YYZ,YOW
0,AC,YYZ,YQB
0,AC,YYZ,YQG
0,AC,YYZ,YQM
0,AC,YYZ,YQR
0,AC,YYZ,YQT
0,AC,YYZ,YQY
0,AC,YYZ,YSB
0,AC,YYZ,YSJ
0,AC,YYZ,YTS
0,AC,YYZ,YUL
0,AC,YYZ,YVR
0,AC,YYZ,YWG
0,AC,YYZ,YXE
0,AC,YYZ,YXU
0,AC,YYZ,YYB
0,AC,YYZ,YYC
0,AC,YYZ,YYG
0,AC,YYZ,YYJ
0,AC,YYZ,YYT
0,AC,YYZ,YZR
0,AC,YYZ,ZRH
0,AC,YZF,YEG
0,AC,YZF,YYC
0,AC,YZP,YVR
0,AC,YZR,YYZ
0,AC,YZV,YQB
0,AC,YZV,YUL
0,AC,YZV,YWK
0,AC,ZBF,YUL
0,AC,ZRH,YUL
0,AC,ZRH,YYZ
0,AC,ZSA,PLS
0,CZ,ACX,CAN
0,CZ,AKL,CAN
0,CZ,AKU,URC
0,CZ,ALA,URC
0,CZ,AMS,CAN
0,CZ,AMS,CTU
0,CZ,AMS,HGH
0,CZ,AMS,PEK
0,CZ,AMS,PVG
0,CZ,AMS,XMN
0,CZ,AOG,PEK
0,CZ,AQG,CAN
0,CZ,ASB,URC
0,CZ,AVA,CAN
0,CZ,BAV,CGO
0,CZ,BAV,CSX
0,CZ,BAV,CTU
0,CZ,BAV,SHE
0,CZ,BAV,SJW
0,CZ,BAV,URC
0,CZ,BAV,WUH
0,CZ,BFJ,CAN
0,CZ,BFJ,SZX
0,CZ,BHY,CAN
0,CZ,BHY,CGO
0,CZ,BHY,CKG
0,CZ,BHY,CSX
0,CZ,BHY,KMG
0,CZ,BHY,SJW
0,CZ,BKI,SZX
0,CZ,BKK,CAN
0,CZ,BKK,CGO
0,CZ,BKK,CSX
0,CZ,BKK,FOC
0,CZ,BKK,NBO
0,CZ,BKK,NNG
0,CZ,BKK,SWA
0,CZ,BKK,WUH
0,CZ,BKK,XMN
0,CZ,BNE,CAN
0,CZ,CAN,ACX
0,CZ,CAN,AKL
0,CZ,CAN,AMS
0,CZ,CAN,AQG
0,CZ,CAN,AVA
0,CZ,CAN,BFJ
0,CZ,CAN,BHY
0,CZ,CAN,BKK
0,CZ,CAN,BNE
0,CZ,CAN,CDG
0,CZ,CAN,CGD
0,CZ,CAN,CGK
0,CZ,CAN,CGO
0,CZ,CAN,CGQ
0,CZ,CAN,CIH
0,CZ,CAN,CKG
0,CZ,CAN,CNX
0,CZ,CAN,CSX
0,CZ,CAN,CTU
0,CZ,CAN,CZX
0,CZ,CAN,DAC
0,CZ,CAN,DAD
0,CZ,CAN,DEL
0,CZ,CAN,DIG
0,CZ,CAN,DLC
0,CZ,CAN,DPS
0,CZ,CAN,DXB
0,CZ,CAN,DYG
0,CZ,CAN,FOC
0,CZ,CAN,FUG
0,CZ,CAN,FUK
0,CZ,CAN,HAK
0,CZ,CAN,HAN
0,CZ,CAN,HDG
0,CZ,CAN,HET
0,CZ,CAN,HFE
0,CZ,CAN,HGH
0,CZ,CAN,HJJ
0,CZ,CAN,HKG
0,CZ,CAN,HKT
0,CZ,CAN,HRB
0,CZ,CAN,HZH
0,CZ,CAN,ICN
0,CZ,CAN,JIU
0,CZ,CAN,JJN
0,CZ,CAN,JNG
0,CZ,CAN,KHN
0,CZ,CAN,KIX
0,CZ,CAN,KMG
0,CZ,CAN,KOW
0,CZ,CAN,KTM
0,CZ,CAN,KUL
0,CZ,CAN,KWE
0,CZ,CAN,KWL
0,CZ,CAN,LAX
0,CZ,CAN,LHR
0,CZ,CAN,LHW
0,CZ,CAN,LYA
0,CZ,CAN,LYG
0,CZ,CAN,LZH
0,CZ,CAN,MEL
0,CZ,CAN,MIG
0,CZ,CAN,MLE
0,CZ,CAN,MNL
0,CZ,CAN,MXZ
0,CZ,CAN,NAO
0,CZ,CAN,NBO
0,CZ,CAN,NGB
0,CZ,CAN,NKG
0,CZ,CAN,NNG
0,CZ,CAN,NNY
0,CZ,CAN,NRT
0,CZ,CAN,PEK
0,CZ,CAN,PEN
0,CZ,CAN,PER
0,CZ,CAN,PNH
0,CZ,CAN,PVG
0,CZ,CAN,REP
0,CZ,CAN,RGN
0,CZ,CAN,SGN
0,CZ,CAN,SHA
0,CZ,CAN,SHE
0,CZ,CAN,SIN
0,CZ,CAN,SJW
0,CZ,CAN,SVO
0,CZ,CAN,SWA
0,CZ,CAN,SYD
0,CZ,CAN,SYX
0,CZ,CAN,TAO
0,CZ,CAN,TEN
0,CZ,CAN,TNA
0,CZ,CAN,TPE
0,CZ,CAN,TSN
0,CZ,CAN,TXN
0,CZ,CAN,TYN
0,CZ,CAN,URC
0,CZ,CAN,WNZ
0,CZ,CAN,WUH
0,CZ,CAN,WUX
0,CZ,CAN,XFN
0,CZ,CAN,XIY
0,CZ,CAN,XMN
0,CZ,CAN,XUZ
0,CZ,CAN,YIH
0,CZ,CAN,YIW
0,CZ,CAN,YNT
0,CZ,CAN,YNZ
0,CZ,CAN,YTY
0,CZ,CAN,YVR
0,CZ,CAN,ZHA
0,CZ,CAN,ZYI
0,CZ,CDG,CAN
0,CZ,CGD,CAN
0,CZ,CGD,PEK
0,CZ,CGD,SZX
0,CZ,CGK,CAN
0,CZ,CGK,FOC
0,CZ,CGK,XMN
0,CZ,CGO,BAV
0,CZ,CGO,BHY
0,CZ,CGO,BKK
0,CZ,CGO,CAN
0,CZ,CGO,CGQ
0,CZ,CGO,CJU
0,CZ,CGO,CKG
0,CZ,CGO,CTU
0,CZ,CGO,DLC
0,CZ,CGO,DSN
0,CZ,CGO,FOC
0,CZ,CGO,HAK
0,CZ,CGO,HGH
0,CZ,CGO,HKG
0,CZ,CGO,HMI
0,CZ,CGO,HRB
0,CZ,CGO,ICN
0,CZ,CGO,INC
0,CZ,CGO,KHH
0,CZ,CGO,KMG
0,CZ,CGO,KWE
0,CZ,CGO,LHW
0,CZ,CGO,NNG
0,CZ,CGO,NNY
0,CZ,CGO,PEK
0,CZ,CGO,PVG
0,CZ,CGO,SHA
0,CZ,CGO,SHE
0,CZ,CGO,SYX
0,CZ,CGO,SZX
0,CZ,CGO,TAO
0,CZ,CGO,TPE
0,CZ,CGO,URC
0,CZ,CGO,UYN
0,CZ,CGO,WNZ
0,CZ,CGO,XMN
0,CZ,CGO,XNN
0,CZ,CGO,YIW
0,CZ,CGO,YTY
0,CZ,CGO,ZUH
0,CZ,CGQ,CAN
0,CZ,CGQ,CGO
0,CZ,CGQ,CJU
0,CZ,CGQ,CKG
0,CZ,CGQ,HET
0,CZ,CGQ,HFE
0,CZ,CGQ,HGH
0,CZ,CGQ,ICN
0,CZ,CGQ,KHN
0,CZ,CGQ,NGB
0,CZ,CGQ,NKG
0,CZ,CGQ,NRT
0,CZ,CGQ,PEK
0,CZ,CGQ,PVG
0,CZ,CGQ,TAO
0,CZ,CGQ,TNA
0,CZ,CGQ,TPE
0,CZ,CGQ,TYN
0,CZ,CGQ,WUH
0,CZ,CGQ,YNJ
0,CZ,CIH,CAN
0,CZ,CIH,DAT
0,CZ,CIH,PEK
0,CZ,CJU,CGO
0,CZ,CJU,CGQ
0,CZ,CJU,CSX
0,CZ,CJU,DLC
0,CZ,CJU,HRB
0,CZ,CJU,SHE
0,CZ,CJU,SZX
0,CZ,CKG,BHY
0,CZ,CKG,CAN
0,CZ,CKG,CGO
0,CZ,CKG,CGQ
0,CZ,CKG,CSX
0,CZ,CKG,FOC
0,CZ,CKG,HAK
0,CZ,CKG,HGH
0,CZ,CKG,JHG
0,CZ,CKG,KHN
0,CZ,CKG,KMG
0,CZ,CKG,KWE
0,CZ,CKG,KWL
0,CZ,CKG,LJG
0,CZ,CKG,LXA
0,CZ,CKG,NNG
0,CZ,CKG,PEK
0,CZ,CKG,SHE
0,CZ,CKG,SYX
0,CZ,CKG,SZX
0,CZ,CKG,TSN
0,CZ,CKG,URC
0,CZ,CKG,WUH
0,CZ,CKG,XIY
0,CZ,CKG,XMN
0,CZ,CKG,XNN
0,CZ,CKG,YCU
0,CZ,CKG,YIH
0,CZ,CNX,CAN
0,CZ,CSX,BAV
0,CZ,CSX,BHY
0,CZ,CSX,BKK
0,CZ,CSX,CAN
0,CZ,CSX,CJU
0,CZ,CSX,CKG
0,CZ,CSX,CTU
0,CZ,CSX,CZX
0,CZ,CSX,DLC
0,CZ,CSX,DYG
0,CZ,CSX,FOC
0,CZ,CSX,HAK
0,CZ,CSX,HET
0,CZ,CSX,HFE
0,CZ,CSX,HGH
0,CZ,CSX,HJJ
0,CZ,CSX,HRB
0,CZ,CSX,ICN
0,CZ,CSX,INC
0,CZ,CSX,JJN
0,CZ,CSX,KMG
0,CZ,CSX,KWE
0,CZ,CSX,LHW
0,CZ,CSX,LZO
0,CZ,CSX,MIG
0,CZ,CSX,NGB
0,CZ,CSX,NKG
0,CZ,CSX,NNG
0,CZ,CSX,PEK
0,CZ,CSX,PVG
0,CZ,CSX,SHA
0,CZ,CSX,SJW
0,CZ,CSX,SWA
0,CZ,CSX,SYX
0,CZ,CSX,SZX
0,CZ,CSX,TAO
0,CZ,CSX,TNA
0,CZ,CSX,TPE
0,CZ,CSX,TSN
0,CZ,CSX,TXN
0,CZ,CSX,TYN
0,CZ,CSX,URC
0,CZ,CSX,WNZ
0,CZ,CSX,XIY
0,CZ,CSX,XMN
0,CZ,CSX,XNN
0,CZ,CSX,YCU
0,CZ,CSX,YNT
0,CZ,CSX,YTY
0,CZ,CSX,ZUH
0,CZ,CTU,AMS
0,CZ,CTU,BAV
0,CZ,CTU,CAN
0,CZ,CTU,CGO
0,CZ,CTU,CSX
0,CZ,CTU,FOC
0,CZ,CTU,HAK
0,CZ,CTU,HGH
0,CZ,CTU,KMG
0,CZ,CTU,KWE
0,CZ,CTU,KWL
0,CZ,CTU,NNY
0,CZ,CTU,PEK
0,CZ,CTU,SWA
0,CZ,CTU,SZX
0,CZ,CTU,TNA
0,CZ,CTU,TYN
0,CZ,CTU,URC
0,CZ,CTU,WUH
0,CZ,CTU,XIY
0,CZ,CTU,XMN
0,CZ,CTU,YNT
0,CZ,CZX,CAN
0,CZ,CZX,CSX
0,CZ,CZX,FOC
0,CZ,CZX,SHE
0,CZ,CZX,SZX
0,CZ,CZX,TYN
0,CZ,DAC,CAN
0,CZ,DAD,CAN
0,CZ,DAT,CIH
0,CZ,DAT,TYN
0,CZ,DEL,CAN
0,CZ,DIG,CAN
0,CZ,DIG,KMG
0,CZ,DLC,CAN
0,CZ,DLC,CGO
0,CZ,DLC,CJU
0,CZ,DLC,CSX
0,CZ,DLC,HET
0,CZ,DLC,HGH
0,CZ,DLC,ICN
0,CZ,DLC,KHN
0,CZ,DLC,KIX
0,CZ,DLC,MDG
0,CZ,DLC,NGB
0,CZ,DLC,NGO
0,CZ,DLC,NKG
0,CZ,DLC,NRT
0,CZ,DLC,PEK
0,CZ,DLC,PVG
0,CZ,DLC,SJW
0,CZ,DLC,SZX
0,CZ,DLC,TAO
0,CZ,DLC,TNA
0,CZ,DLC,TOY
0,CZ,DLC,TPE
0,CZ,DLC,TSN
0,CZ,DLC,TXN
0,CZ,DLC,TYN
0,CZ,DLC,WUH
0,CZ,DLC,XIY
0,CZ,DLC,YNJ
0,CZ,DLC,YNZ
0,CZ,DLC,YTY
0,CZ,DLU,KMG
0,CZ,DLU,KWE
0,CZ,DNH,URC
0,CZ,DNH,XIY
0,CZ,DPS,CAN
0,CZ,DPS,SZX
0,CZ,DSN,CGO
0,CZ,DTW,PEK
0,CZ,DTW,PVG
0,CZ,DXB,CAN
0,CZ,DYG,CAN
0,CZ,DYG,CSX
0,CZ,DYG,PEK
0,CZ,DYG,SZX
0,CZ,DYG,TPE
0,CZ,DYG,TYN
0,CZ,DYU,URC
0,CZ,ENH,WUH
0,CZ,FOC,BKK
0,CZ,FOC,CAN
0,CZ,FOC,CGK
0,CZ,FOC,CGO
0,CZ,FOC,CKG
0,CZ,FOC,CSX
0,CZ,FOC,CTU
0,CZ,FOC,CZX
0,CZ,FOC,HAK
0,CZ,FOC,HGH
0,CZ,FOC,HRB
0,CZ,FOC,KMG
0,CZ,FOC,KUL
0,CZ,FOC,KWE
0,CZ,FOC,KWL
0,CZ,FOC,MFM
0,CZ,FOC,NKG
0,CZ,FOC,NNG
0,CZ,FOC,PEK
0,CZ,FOC,SHA
0,CZ,FOC,SIN
0,CZ,FOC,SYX
0,CZ,FOC,SZX
0,CZ,FOC,TAO
0,CZ,FOC,TNA
0,CZ,FOC,WUH
0,CZ,FOC,XIY
0,CZ,FOC,ZUH
0,CZ,FRU,URC
0,CZ,FUG,CAN
0,CZ,FUK,CAN
0,CZ,FUK,SHE
0,CZ,GMP,PEK
0,CZ,GYD,URC
0,CZ,HAK,CAN
0,CZ,HAK,CGO
0,CZ,HAK,CKG
0,CZ,HAK,CSX
0,CZ,HAK,CTU
0,CZ,HAK,FOC
0,CZ,HAK,HGH
0,CZ,HAK,KMG
0,CZ,HAK,NKG
0,CZ,HAK,NNG
0,CZ,HAK,PEK
0,CZ,HAK,PVG
0,CZ,HAK,SZX
0,CZ,HAK,WUH
0,CZ,HAK,XMN
0,CZ,HAK,ZUH
0,CZ,HAN,CAN
0,CZ,HAN,PEK
0,CZ,HDG,CAN
0,CZ,HEK,HRB
0,CZ,HET,CAN
0,CZ,HET,CGQ
0,CZ,HET,CSX
0,CZ,HET,DLC
0,CZ,HET,HGH
0,CZ,HET,INC
0,CZ,HET,NKG
0,CZ,HET,SHE
0,CZ,HET,TAO
0,CZ,HET,TGO
0,CZ,HET,TNA
0,CZ,HET,TSN
0,CZ,HET,URC
0,CZ,HET,XIL
0,CZ,HFE,CAN
0,CZ,HFE,CGQ
0,CZ,HFE,CSX
0,CZ,HFE,HRB
0,CZ,HFE,KMG
0,CZ,HFE,SZX
0,CZ,HFE,TYN
0,CZ,HFE,XIY
0,CZ,HFE,XMN
0,CZ,HFE,ZUH
0,CZ,HGH,AMS
0,CZ,HGH,CAN
0,CZ,HGH,CGO
0,CZ,HGH,CGQ
0,CZ,HGH,CKG
0,CZ,HGH,CSX
0,CZ,HGH,CTU
0,CZ,HGH,DLC
0,CZ,HGH,FOC
0,CZ,HGH,HAK
0,CZ,HGH,HET
0,CZ,HGH,HRB
0,CZ,HGH,JJN
0,CZ,HGH,KMG
0,CZ,HGH,KWE
0,CZ,HGH,KWL
0,CZ,HGH,LHW
0,CZ,HGH,LJG
0,CZ,HGH,MFM
0,CZ,HGH,NNG
0,CZ,HGH,NNY
0,CZ,HGH,PEK
0,CZ,HGH,SHE
0,CZ,HGH,SJW
0,CZ,HGH,SYX
0,CZ,HGH,SZX
0,CZ,HGH,TAO
0,CZ,HGH,TNA
0,CZ,HGH,TSN
0,CZ,HGH,TYN
0,CZ,HGH,URC
0,CZ,HGH,WUH
0,CZ,HGH,XIY
0,CZ,HGH,XMN
0,CZ,HGH,ZUH
0,CZ,HJJ,CAN
0,CZ,HJJ,CSX
0,CZ,HKG,CAN
0,CZ,HKG,CGO
0,CZ,HKG,MXZ
0,CZ,HKG,PEK
0,CZ,HKG,SHE
0,CZ,HKG,SWA
0,CZ,HKG,WUH
0,CZ,HKG,XMN
0,CZ,HKT,CAN
0,CZ,HKT,KWE
0,CZ,HKT,SZX
0,CZ,HMI,CGO
0,CZ,HMI,URC
0,CZ,HRB,CAN
0,CZ,HRB,CGO
0,CZ,HRB,CJU
0,CZ,HRB,CSX
0,CZ,HRB,FOC
0,CZ,HRB,HEK
0,CZ,HRB,HFE
0,CZ,HRB,HGH
0,CZ,HRB,ICN
0,CZ,HRB,KHN
0,CZ,HRB,KIJ
0,CZ,HRB,KIX
0,CZ,HRB,LDS
0,CZ,HRB,NGB
0,CZ,HRB,NKG
0,CZ,HRB,OHE
0,CZ,HRB,PEK
0,CZ,HRB,PVG
0,CZ,HRB,SJW
0,CZ,HRB,SZX
0,CZ,HRB,TAO
0,CZ,HRB,TNA
0,CZ,HRB,TPE
0,CZ,HRB,TSN
0,CZ,HRB,XIY
0,CZ,HRB,YCU
0,CZ,HRB,YIW
0,CZ,HRB,YNT
0,CZ,HRB,YNZ
0,CZ,HRB,YTY
0,CZ,HSN,JJN
0,CZ,HSN,LYG
0,CZ,HSN,PEK
0,CZ,HSN,SZX
0,CZ,HSN,XMN
0,CZ,HTN,URC
0,CZ,HZH,CAN
0,CZ,ICN,CAN
0,CZ,ICN,CGO
0,CZ,ICN,CGQ
0,CZ,ICN,CSX
0,CZ,ICN,DLC
0,CZ,ICN,HRB
0,CZ,ICN,MDG
0,CZ,ICN,PEK
0,CZ,ICN,PVG
0,CZ,ICN,SHE
0,CZ,ICN,WUH
0,CZ,ICN,YNJ
0,CZ,IKA,URC
0,CZ,INC,CGO
0,CZ,INC,CSX
0,CZ,INC,HET
0,CZ,INC,NKG
0,CZ,INC,PEK
0,CZ,INC,TYN
0,CZ,INC,URC
0,CZ,INC,WUH
0,CZ,INC,XIY
0,CZ,INC,XUZ
0,CZ,ISB,PEK
0,CZ,ISB,URC
0,CZ,IST,URC
0,CZ,JHG,CKG
0,CZ,JHG,KMG
0,CZ,JIU,CAN
0,CZ,JJN,CAN
0,CZ,JJN,CSX
0,CZ,JJN,HGH
0,CZ,JJN,HSN
0,CZ,JJN,KWE
0,CZ,JJN,MFM
0,CZ,JJN,NKG
0,CZ,JJN,PEK
0,CZ,JJN,SHA
0,CZ,JJN,SZX
0,CZ,JJN,WUH
0,CZ,JMU,PVG
0,CZ,JNG,CAN
0,CZ,JXA,SHE
0,CZ,KCA,URC
0,CZ,KHG,URC
0,CZ,KHH,CGO
0,CZ,KHH,WUH
0,CZ,KHN,CAN
0,CZ,KHN,CGQ
0,CZ,KHN,CKG
0,CZ,KHN,DLC
0,CZ,KHN,HRB
0,CZ,KHN,KMG
0,CZ,KHN,LYA
0,CZ,KHN,NKG
0,CZ,KHN,NNG
0,CZ,KHN,SZX
0,CZ,KHN,TYN
0,CZ,KHN,XIY
0,CZ,KHN,XMN
0,CZ,KHN,ZUH
0,CZ,KIJ,HRB
0,CZ,KIX,CAN
0,CZ,KIX,DLC
0,CZ,KIX,HRB
0,CZ,KIX,SHE
0,CZ,KMG,BHY
0,CZ,KMG,CAN
0,CZ,KMG,CGO
0,CZ,KMG,CKG
0,CZ,KMG,CSX
0,CZ,KMG,CTU
0,CZ,KMG,DIG
0,CZ,KMG,DLU
0,CZ,KMG,FOC
0,CZ,KMG,HAK
0,CZ,KMG,HFE
0,CZ,KMG,HGH
0,CZ,KMG,JHG
0,CZ,KMG,KHN
0,CZ,KMG,KWE
0,CZ,KMG,KWL
0,CZ,KMG,LHW
0,CZ,KMG,LJG
0,CZ,KMG,NKG
0,CZ,KMG,NNG
0,CZ,KMG,PEK
0,CZ,KMG,SHA
0,CZ,KMG,SYM
0,CZ,KMG,SYX
0,CZ,KMG,SZX
0,CZ,KMG,TAO
0,CZ,KMG,WUH
0,CZ,KMG,XIY
0,CZ,KMG,XMN
0,CZ,KMG,YIW
0,CZ,KMG,ZAT
0,CZ,KMG,ZUH
0,CZ,KOW,CAN
0,CZ,KOW,PEK
0,CZ,KOW,SZX
0,CZ,KRL,URC
0,CZ,KRY,URC
0,CZ,KTM,CAN
0,CZ,KUL,CAN
0,CZ,KUL,FOC
0,CZ,KUL,PVG
0,CZ,KUL,XMN
0,CZ,KWE,CAN
0,CZ,KWE,CGO
0,CZ,KWE,CKG
0,CZ,KWE,CSX
0,CZ,KWE,CTU
0,CZ,KWE,DLU
0,CZ,KWE,FOC
0,CZ,KWE,HGH
0,CZ,KWE,HKT
0,CZ,KWE,JJN
0,CZ,KWE,KMG
0,CZ,KWE,LJG
0,CZ,KWE,NKG
0,CZ,KWE,NNG
0,CZ,KWE,PEK
0,CZ,KWE,PVG
0,CZ,KWE,SHA
0,CZ,KWE,SWA
0,CZ,KWE,SZX
0,CZ,KWE,TAO
0,CZ,KWE,TPE
0,CZ,KWE,URC
0,CZ,KWE,WUH
0,CZ,KWE,XIY
0,CZ,KWE,XNN
0,CZ,KWE,ZUH
0,CZ,KWL,CAN
0,CZ,KWL,CKG
0,CZ,KWL,CTU
0,CZ,KWL,FOC
0,CZ,KWL,HGH
0,CZ,KWL,KMG
0,CZ,KWL,NGB
0,CZ,KWL,NKG
0,CZ,KWL,NNG
0,CZ,KWL,PEK
0,CZ,KWL,PVG
0,CZ,KWL,SHE
0,CZ,KWL,SWA
0,CZ,KWL,SZX
0,CZ,KWL,TNA
0,CZ,KWL,TPE
0,CZ,KWL,WNZ
0,CZ,KWL,WUH
0,CZ,KWL,XIY
0,CZ,KWL,XMN
0,CZ,LAX,CAN
0,CZ,LBD,URC
0,CZ,LDS,HRB
0,CZ,LHR,CAN
0,CZ,LHW,CAN
0,CZ,LHW,CGO
0,CZ,LHW,CSX
0,CZ,LHW,HGH
0,CZ,LHW,KMG
0,CZ,LHW,SHE
0,CZ,LHW,TNA
0,CZ,LHW,URC
0,CZ,LHW,WUH
0,CZ,LJG,CKG
0,CZ,LJG,HGH
0,CZ,LJG,KMG
0,CZ,LJG,KWE
0,CZ,LUN,NBO
0,CZ,LXA,CKG
0,CZ,LXA,XIY
0,CZ,LYA,CAN
0,CZ,LYA,KHN
0,CZ,LYG,CAN
0,CZ,LYG,HSN
0,CZ,LYG,XUZ
0,CZ,LZH,CAN
0,CZ,LZO,CSX
0,CZ,LZO,SZX
0,CZ,MDG,DLC
0,CZ,MDG,ICN
0,CZ,MDG,PVG
0,CZ,MEL,CAN
0,CZ,MFM,FOC
0,CZ,MFM,HGH
0,CZ,MFM,JJN
0,CZ,MFM,XMN
0,CZ,MIG,CAN
0,CZ,MIG,CSX
0,CZ,MLE,CAN
0,CZ,MNL,CAN
0,CZ,MNL,XMN
0,CZ,MXZ,CAN
0,CZ,MXZ,HKG
0,CZ,MXZ,SZX
0,CZ,MXZ,ZUH
0,CZ,NAO,CAN
0,CZ,NAO,PEK
0,CZ,NAO,SZX
0,CZ,NBO,BKK
0,CZ,NBO,CAN
0,CZ,NBO,LUN
0,CZ,NDG,PVG
0,CZ,NGB,CAN
0,CZ,NGB,CGQ
0,CZ,NGB,CSX
0,CZ,NGB,DLC
0,CZ,NGB,HRB
0,CZ,NGB,KWL
0,CZ,NGB,PEK
0,CZ,NGB,SWA
0,CZ,NGB,SZX
0,CZ,NGB,TAO
0,CZ,NGB,WUH
0,CZ,NGB,XMN
0,CZ,NGO,DLC
0,CZ,NGO,PVG
0,CZ,NGO,SHE
0,CZ,NKG,CAN
0,CZ,NKG,CGQ
0,CZ,NKG,CSX
0,CZ,NKG,DLC
0,CZ,NKG,FOC
0,CZ,NKG,HAK
0,CZ,NKG,HET
0,CZ,NKG,HRB
0,CZ,NKG,INC
0,CZ,NKG,JJN
0,CZ,NKG,KHN
0,CZ,NKG,KMG
0,CZ,NKG,KWE
0,CZ,NKG,KWL
0,CZ,NKG,SHE
0,CZ,NKG,SWA
0,CZ,NKG,SZX
0,CZ,NKG,URC
0,CZ,NKG,XIY
0,CZ,NKG,XMN
0,CZ,NLT,URC
0,CZ,NNG,BKK
0,CZ,NNG,CAN
0,CZ,NNG,CGO
0,CZ,NNG,CKG
0,CZ,NNG,CSX
0,CZ,NNG,FOC
0,CZ,NNG,HAK
0,CZ,NNG,HGH
0,CZ,NNG,KHN
0,CZ,NNG,KMG
0,CZ,NNG,KWE
0,CZ,NNG,KWL
0,CZ,NNG,PEK
0,CZ,NNG,PVG
0,CZ,NNG,SHA
0,CZ,NNG,SWA
0,CZ,NNG,SZX
0,CZ,NNG,TPE
0,CZ,NNG,WUH
0,CZ,NNG,XMN
0,CZ,NNY,CAN
0,CZ,NNY,CGO
0,CZ,NNY,CTU
0,CZ,NNY,HGH
0,CZ,NNY,SHA
0,CZ,NNY,SZX
0,CZ,NRT,CAN
0,CZ,NRT,CGQ
0,CZ,NRT,DLC
0,CZ,NRT,PEK
0,CZ,NRT,SHE
0,CZ,OHE,HRB
0,CZ,OSS,URC
0,CZ,OVB,URC
0,CZ,PEK,AMS
0,CZ,PEK,AOG
0,CZ,PEK,CAN
0,CZ,PEK,CGD
0,CZ,PEK,CGO
0,CZ,PEK,CGQ
0,CZ,PEK,CIH
0,CZ,PEK,CKG
0,CZ,PEK,CSX
0,CZ,PEK,CTU
0,CZ,PEK,DLC
0,CZ,PEK,DTW
0,CZ,PEK,DYG
0,CZ,PEK,FOC
0,CZ,PEK,GMP
0,CZ,PEK,HAK
0,CZ,PEK,HAN
0,CZ,PEK,HGH
0,CZ,PEK,HKG
0,CZ,PEK,HRB
0,CZ,PEK,HSN
0,CZ,PEK,ICN
0,CZ,PEK,INC
0,CZ,PEK,ISB
0,CZ,PEK,JJN
0,CZ,PEK,KMG
0,CZ,PEK,KOW
0,CZ,PEK,KWE
0,CZ,PEK,KWL
0,CZ,PEK,NAO
0,CZ,PEK,NGB
0,CZ,PEK,NNG
0,CZ,PEK,NRT
0,CZ,PEK,PVG
0,CZ,PEK,SEA
0,CZ,PEK,SHA
0,CZ,PEK,SHE
0,CZ,PEK,SWA
0,CZ,PEK,SYX
0,CZ,PEK,SZX
0,CZ,PEK,TAS
0,CZ,PEK,TEN
0,CZ,PEK,URC
0,CZ,PEK,WUH
0,CZ,PEK,WUS
0,CZ,PEK,XIY
0,CZ,PEK,XMN
0,CZ,PEK,XNN
0,CZ,PEK,YIW
0,CZ,PEK,YNJ
0,CZ,PEK,ZUH
0,CZ,PEK,ZYI
0,CZ,PEN,CAN
0,CZ,PER,CAN
0,CZ,PNH,CAN
0,CZ,PUS,SHE
0,CZ,PVG,AMS
0,CZ,PVG,CAN
0,CZ,PVG,CGO
0,CZ,PVG,CGQ
0,CZ,PVG,CSX
0,CZ,PVG,DLC
0,CZ,PVG,DTW
0,CZ,PVG,HAK
0,CZ,PVG,HRB
0,CZ,PVG,ICN
0,CZ,PVG,JMU
0,CZ,PVG,KUL
0,CZ,PVG,KWE
0,CZ,PVG,KWL
0,CZ,PVG,MDG
0,CZ,PVG,NDG
0,CZ,PVG,NGO
0,CZ,PVG,NNG
0,CZ,PVG,PEK
0,CZ,PVG,SHE
0,CZ,PVG,SYX
0,CZ,PVG,SZX
0,CZ,PVG,TAO
0,CZ,PVG,TPE
0,CZ,PVG,URC
0,CZ,PVG,WUH
0,CZ,PVG,XIY
0,CZ,PVG,YNJ
0,CZ,PVG,ZUH
0,CZ,REP,CAN
0,CZ,RGN,CAN
0,CZ,SEA,PEK
0,CZ,SGN,CAN
0,CZ,SHA,CAN
0,CZ,SHA,CGO
0,CZ,SHA,CSX
0,CZ,SHA,FOC
0,CZ,SHA,JJN
0,CZ,SHA,KMG
0,CZ,SHA,KWE
0,CZ,SHA,NNG
0,CZ,SHA,NNY
0,CZ,SHA,PEK
0,CZ,SHA,SWA
0,CZ,SHA,SZX
0,CZ,SHA,URC
0,CZ,SHA,WUH
0,CZ,SHA,XIY
0,CZ,SHA,XMN
0,CZ,SHA,ZUH
0,CZ,SHE,BAV
0,CZ,SHE,CAN
0,CZ,SHE,CGO
0,CZ,SHE,CJU
0,CZ,SHE,CKG
0,CZ,SHE,CZX
0,CZ,SHE,FUK
0,CZ,SHE,HET
0,CZ,SHE,HGH
0,CZ,SHE,HKG
0,CZ,SHE,ICN
0,CZ,SHE,JXA
0,CZ,SHE,KIX
0,CZ,SHE,KWL
0,CZ,SHE,LHW
0,CZ,SHE,NGO
0,CZ,SHE,NKG
0,CZ,SHE,NRT
0,CZ,SHE,PEK
0,CZ,SHE,PUS
0,CZ,SHE,PVG
0,CZ,SHE,SJW
0,CZ,SHE,TAO
0,CZ,SHE,TNA
0,CZ,SHE,TPE
0,CZ,SHE,TYN
0,CZ,SHE,WUH
0,CZ,SHE,XIY
0,CZ,SHE,XMN
0,CZ,SHE,YIW
0,CZ,SHE,YNT
0,CZ,SHE,YNZ
0,CZ,SIN,CAN
0,CZ,SIN,FOC
0,CZ,SIN,XMN
0,CZ,SJW,BAV
0,CZ,SJW,BHY
0,CZ,SJW,CAN
0,CZ,SJW,CSX
0,CZ,SJW,DLC
0,CZ,SJW,HGH
0,CZ,SJW,HRB
0,CZ,SJW,SHE
0,CZ,SJW,SZX
0,CZ,SJW,URC
0,CZ,SVO,CAN
0,CZ,SVO,URC
0,CZ,SWA,BKK
0,CZ,SWA,CAN
0,CZ,SWA,CSX
0,CZ,SWA,CTU
0,CZ,SWA,HKG
0,CZ,SWA,KWE
0,CZ,SWA,KWL
0,CZ,SWA,NGB
0,CZ,SWA,NKG
0,CZ,SWA,NNG
0,CZ,SWA,PEK
0,CZ,SWA,SHA
0,CZ,SWA,SYX
0,CZ,SWA,WUH
0,CZ,SWA,YIW
0,CZ,SWA,ZUH
0,CZ,SYD,CAN
0,CZ,SYM,KMG
0,CZ,SYX,CAN
0,CZ,SYX,CGO
0,CZ,SYX,CKG
0,CZ,SYX,CSX
0,CZ,SYX,FOC
0,CZ,SYX,HGH
0,CZ,SYX,KMG
0,CZ,SYX,PEK
0,CZ,SYX,PVG
0,CZ,SYX,SWA
0,CZ,SYX,SZX
0,CZ,SYX,WUH
0,CZ,SYX,XIY
0,CZ,SYX,XMN
0,CZ,SYX,YCU
0,CZ,SYX,YTY
0,CZ,SYX,ZHA
0,CZ,SYX,ZUH
0,CZ,SZX,BFJ
0,CZ,SZX,BKI
0,CZ,SZX,CGD
0,CZ,SZX,CGO
0,CZ,SZX,CJU
0,CZ,SZX,CKG
0,CZ,SZX,CSX
0,CZ,SZX,CTU
0,CZ,SZX,CZX
0,CZ,SZX,DLC
0,CZ,SZX,DPS
0,CZ,SZX,DYG
0,CZ,SZX,FOC
0,CZ,SZX,HAK
0,CZ,SZX,HFE
0,CZ,SZX,HGH
0,CZ,SZX,HKT
0,CZ,SZX,HRB
0,CZ,SZX,HSN
0,CZ,SZX,JJN
0,CZ,SZX,KHN
0,CZ,SZX,KMG
0,CZ,SZX,KOW
0,CZ,SZX,KWE
0,CZ,SZX,KWL
0,CZ,SZX,LZO
0,CZ,SZX,MXZ
0,CZ,SZX,NAO
0,CZ,SZX,NGB
0,CZ,SZX,NKG
0,CZ,SZX,NNG
0,CZ,SZX,NNY
0,CZ,SZX,PEK
0,CZ,SZX,PVG
0,CZ,SZX,SHA
0,CZ,SZX,SJW
0,CZ,SZX,SYX
0,CZ,SZX,TAO
0,CZ,SZX,TEN
0,CZ,SZX,TPE
0,CZ,SZX,TSN
0,CZ,SZX,TXN
0,CZ,SZX,WNZ
0,CZ,SZX,WUH
0,CZ,SZX,WUX
0,CZ,SZX,XIY
0,CZ,SZX,XMN
0,CZ,SZX,ZYI
0,CZ,TAO,CAN
0,CZ,TAO,CGO
0,CZ,TAO,CGQ
0,CZ,TAO,CSX
0,CZ,TAO,DLC
0,CZ,TAO,FOC
0,CZ,TAO,HET
0,CZ,TAO,HGH
0,CZ,TAO,HRB
0,CZ,TAO,KMG
0,CZ,TAO,KWE
0,CZ,TAO,NGB
0,CZ,TAO,PVG
0,CZ,TAO,SHE
0,CZ,TAO,SZX
0,CZ,TAO,TXN
0,CZ,TAO,TYN
0,CZ,TAO,WUH
0,CZ,TAO,XIY
0,CZ,TAO,XMN
0,CZ,TAS,PEK
0,CZ,TAS,URC
0,CZ,TBS,URC
0,CZ,TCG,URC
0,CZ,TEN,CAN
0,CZ,TEN,PEK
0,CZ,TEN,SZX
0,CZ,TGO,HET
0,CZ,TNA,CAN
0,CZ,TNA,CGQ
0,CZ,TNA,CSX
0,CZ,TNA,CTU
0,CZ,TNA,DLC
0,CZ,TNA,FOC
0,CZ,TNA,HET
0,CZ,TNA,HGH
0,CZ,TNA,HRB
0,CZ,TNA,KWL
0,CZ,TNA,LHW
0,CZ,TNA,SHE
0,CZ,TNA,URC
0,CZ,TNA,WUH
0,CZ,TNA,XIY
0,CZ,TNA,XMN
0,CZ,TOY,DLC
0,CZ,TPE,CAN
0,CZ,TPE,CGO
0,CZ,TPE,CGQ
0,CZ,TPE,CSX
0,CZ,TPE,DLC
0,CZ,TPE,DYG
0,CZ,TPE,HRB
0,CZ,TPE,KWE
0,CZ,TPE,KWL
0,CZ,TPE,NNG
0,CZ,TPE,PVG
0,CZ,TPE,SHE
0,CZ,TPE,SZX
0,CZ,TPE,URC
0,CZ,TPE,WUH
0,CZ,TSE,URC
0,CZ,TSN,CAN
0,CZ,TSN,CKG
0,CZ,TSN,CSX
0,CZ,TSN,DLC
0,CZ,TSN,HET
0,CZ,TSN,HGH
0,CZ,TSN,HRB
0,CZ,TSN,SZX
0,CZ,TSN,WUH
0,CZ,TSN,XIY
0,CZ,TSN,XMN
0,CZ,TXN,CAN
0,CZ,TXN,CSX
0,CZ,TXN,DLC
0,CZ,TXN,SZX
0,CZ,TXN,TAO
0,CZ,TXN,TYN
0,CZ,TXN,XMN
0,CZ,TYN,CAN
0,CZ,TYN,CGQ
0,CZ,TYN,CSX
0,CZ,TYN,CTU
0,CZ,TYN,CZX
0,CZ,TYN,DAT
0,CZ,TYN,DLC
0,CZ,TYN,DYG
0,CZ,TYN,HFE
0,CZ,TYN,HGH
0,CZ,TYN,INC
0,CZ,TYN,KHN
0,CZ,TYN,SHE
0,CZ,TYN,TAO
0,CZ,TYN,TXN
0,CZ,TYN,URC
0,CZ,TYN,WUH
0,CZ,TYN,XIY
0,CZ,TYN,XMN
0,CZ,URC,AKU
0,CZ,URC,ALA
0,CZ,URC,ASB
0,CZ,URC,BAV
0,CZ,URC,CAN
0,CZ,URC,CGO
0,CZ,URC,CKG
0,CZ,URC,CSX
0,CZ,URC,CTU
0,CZ,URC,DNH
0,CZ,URC,DYU
0,CZ,URC,FRU
0,CZ,URC,GYD
0,CZ,URC,HET
0,CZ,URC,HGH
0,CZ,URC,HMI
0,CZ,URC,HTN
0,CZ,URC,IKA
0,CZ,URC,INC
0,CZ,URC,ISB
0,CZ,URC,IST
0,CZ,URC,KCA
0,CZ,URC,KHG
0,CZ,URC,KRL
0,CZ,URC,KRY
0,CZ,URC,KWE
0,CZ,URC,LBD
0,CZ,URC,LHW
0,CZ,URC,NKG
0,CZ,URC,NLT
0,CZ,URC,OSS
0,CZ,URC,OVB
0,CZ,URC,PEK
0,CZ,URC,PVG
0,CZ,URC,SHA
0,CZ,URC,SJW
0,CZ,URC,SVO
0,CZ,URC,TAS
0,CZ,URC,TBS
0,CZ,URC,TCG
0,CZ,URC,TNA
0,CZ,URC,TPE
0,CZ,URC,TSE
0,CZ,URC,TYN
0,CZ,URC,WUH
0,CZ,URC,XIY
0,CZ,URC,XNN
0,CZ,URC,YIN
0,CZ,URC,YIW
0,CZ,UYN,CGO
0,CZ,UYN,XIY
0,CZ,WNZ,CAN
0,CZ,WNZ,CGO
0,CZ,WNZ,CSX
0,CZ,WNZ,KWL
0,CZ,WNZ,SZX
0,CZ,WNZ,WUH
0,CZ,WNZ,XIY
0,CZ,WUH,BAV
0,CZ,WUH,BKK
0,CZ,WUH,CAN
0,CZ,WUH,CGQ
0,CZ,WUH,CKG
0,CZ,WUH,CTU
0,CZ,WUH,DLC
0,CZ,WUH,ENH
0,CZ,WUH,FOC
0,CZ,WUH,HAK
0,CZ,WUH,HGH
0,CZ,WUH,HKG
0,CZ,WUH,ICN
0,CZ,WUH,INC
0,CZ,WUH,JJN
0,CZ,WUH,KHH
0,CZ,WUH,KMG
0,CZ,WUH,KWE
0,CZ,WUH,KWL
0,CZ,WUH,LHW
0,CZ,WUH,NGB
0,CZ,WUH,NNG
0,CZ,WUH,PEK
0,CZ,WUH,PVG
0,CZ,WUH,SHA
0,CZ,WUH,SHE
0,CZ,WUH,SWA
0,CZ,WUH,SYX
0,CZ,WUH,SZX
0,CZ,WUH,TAO
0,CZ,WUH,TNA
0,CZ,WUH,TPE
0,CZ,WUH,TSN
0,CZ,WUH,TYN
0,CZ,WUH,URC
0,CZ,WUH,WNZ
0,CZ,WUH,XIY
0,CZ,WUH,XMN
0,CZ,WUH,YNZ
0,CZ,WUH,ZUH
0,CZ,WUS,PEK
0,CZ,WUX,CAN
0,CZ,WUX,SZX
0,CZ,WXN,XIY
0,CZ,WXN,XMN
0,CZ,XFN,CAN
0,CZ,XFN,XMN
0,CZ,XIL,HET
0,CZ,XIY,CAN
0,CZ,XIY,CKG
0,CZ,XIY,CSX
0,CZ,XIY,CTU
0,CZ,XIY,DLC
0,CZ,XIY,DNH
0,CZ,XIY,ENY
0,CZ,XIY,FOC
0,CZ,XIY,HFE
0,CZ,XIY,HGH
0,CZ,XIY,HRB
0,CZ,XIY,INC
0,CZ,XIY,KHN
0,CZ,XIY,KMG
0,CZ,XIY,KWE
0,CZ,XIY,KWL
0,CZ,XIY,LXA
0,CZ,XIY,NKG
0,CZ,XIY,PEK
0,CZ,XIY,PVG
0,CZ,XIY,SHA
0,CZ,XIY,SHE
0,CZ,XIY,SYX
0,CZ,XIY,SZX
0,CZ,XIY,TAO
0,CZ,XIY,TNA
0,CZ,XIY,TSN
0,CZ,XIY,TYN
0,CZ,XIY,URC
0,CZ,XIY,UYN
0,CZ,XIY,WNZ
0,CZ,XIY,WUH
0,CZ,XIY,WXN
0,CZ,XIY,XMN
0,CZ,XIY,XNN
0,CZ,XMN,AMS
0,CZ,XMN,BKK
0,CZ,XMN,CAN
0,CZ,XMN,CGK
0,CZ,XMN,CGO
0,CZ,XMN,CKG
0,CZ,XMN,CSX
0,CZ,XMN,CTU
0,CZ,XMN,HAK
0,CZ,XMN,HFE
0,CZ,XMN,HGH
0,CZ,XMN,HKG
0,CZ,XMN,HSN
0,CZ,XMN,KHN
0,CZ,XMN,KMG
0,CZ,XMN,KUL
0,CZ,XMN,KWL
0,CZ,XMN,MFM
0,CZ,XMN,MNL
0,CZ,XMN,NGB
0,CZ,XMN,NKG
0,CZ,XMN,NNG
0,CZ,XMN,PEK
0,CZ,XMN,SHA
0,CZ,XMN,SHE
0,CZ,XMN,SIN
0,CZ,XMN,SYX
0,CZ,XMN,SZX
0,CZ,XMN,TAO
0,CZ,XMN,TNA
0,CZ,XMN,TSN
0,CZ,XMN,TXN
0,CZ,XMN,TYN
0,CZ,XMN,WUH
0,CZ,XMN,WXN
0,CZ,XMN,XFN
0,CZ,XMN,XIY
0,CZ,XMN,YIH
0,CZ,XMN,YIW
0,CZ,XMN,YNZ
0,CZ,XMN,ZUH
0,CZ,XNN,CGO
0,CZ,XNN,CKG
0,CZ,XNN,CSX
0,CZ,XNN,KWE
0,CZ,XNN,PEK
0,CZ,XNN,URC
0,CZ,XNN,XIY
0,CZ,XUZ,CAN
0,CZ,XUZ,INC
0,CZ,XUZ,LYG
0,CZ,YCU,CKG
0,CZ,YCU,CSX
0,CZ,YCU,HRB
0,CZ,YCU,SYX
0,CZ,YIH,CAN
0,CZ,YIH,CKG
0,CZ,YIH,XMN
0,CZ,YIN,URC
0,CZ,YIW,CAN
0,CZ,YIW,CGO
0,CZ,YIW,HRB
0,CZ,YIW,KMG
0,CZ,YIW,PEK
0,CZ,YIW,SHE
0,CZ,YIW,SWA
0,CZ,YIW,URC
0,CZ,YIW,XMN
0,CZ,YIW,ZUH
0,CZ,YNJ,CGQ
0,CZ,YNJ,DLC
0,CZ,YNJ,ICN
0,CZ,YNJ,PEK
0,CZ,YNJ,PVG
0,CZ,YNT,CAN
0,CZ,YNT,CSX
0,CZ,YNT,CTU
0,CZ,YNT,HRB
0,CZ,YNT,SHE
0,CZ,YNZ,DLC
0,CZ,YNZ,HRB
0,CZ,YNZ,SHE
0,CZ,YNZ,WUH
0,CZ,YNZ,XMN
0,CZ,YTY,CAN
0,CZ,YTY,CGO
0,CZ,YTY,CSX
0,CZ,YTY,DLC
0,CZ,YTY,HRB
0,CZ,YTY,SYX
0,CZ,YVR,CAN
0,CZ,ZAT,KMG
0,CZ,ZHA,CAN
0,CZ,ZHA,SYX
0,CZ,ZUH,CGO
0,CZ,ZUH,CSX
0,CZ,ZUH,FOC
0,CZ,ZUH,HAK
0,CZ,ZUH,HFE
0,CZ,ZUH,HGH
0,CZ,ZUH,KHN
0,CZ,ZUH,KMG
0,CZ,ZUH,KWE
0,CZ,ZUH,MXZ
0,CZ,ZUH,PEK
0,CZ,ZUH,PVG
0,CZ,ZUH,SHA
0,CZ,ZUH,SWA
0,CZ,ZUH,SYX
0,CZ,ZUH,WUH
0,CZ,ZUH,XMN
0,CZ,ZUH,YIW
0,CZ,ZYI,CAN
0,CZ,ZYI,PEK
0,CZ,ZYI,SZX
0,TK,AAL,BLL
0,TK,AAL,IST
0,TK,ABJ,IST
0,TK,ACC,ABJ
0,TK,ACC,IST
0,TK,ADA,ESB
0,TK,ADA,IST
0,TK,ADA,SAW
0,TK,ADB,ESB
0,TK,ADB,HAM
0,TK,ADB,IST
0,TK,ADB,SAW
0,TK,ADD,DLA
0,TK,ADD,HRE
0,TK,ADD,IST
0,TK,ADD,JUB
0,TK,ADD,SSG
0,TK,ADE,IST
0,TK,ADF,ESB
0,TK,ADF,IST
0,TK,AER,IST
0,TK,AGP,IST
0,TK,AJI,ESB
0,TK,AJI,IST
0,TK,AKL,BKK
0,TK,ALA,IST
0,TK,ALG,IST
0,TK,AMM,IST
0,TK,AMS,IST
0,TK,AMS,SAW
0,TK,AOE,BRU
0,TK,AQJ,IST
0,TK,ARN,IST
0,TK,ASB,IST
0,TK,ASF,SAW
0,TK,ASR,IST
0,TK,ASR,SAW
0,TK,ATH,IST
0,TK,ATL,YYZ
0,TK,AUH,IST
0,TK,AYT,BGW
0,TK,AYT,EBL
0,TK,AYT,ESB
0,TK,AYT,HAM
0,TK,AYT,IST
0,TK,AYT,SAW
0,TK,AYT,VKO
0,TK,BAH,IST
0,TK,BAH,MCT
0,TK,BAL,ESB
0,TK,BAL,IST
0,TK,BCN,IST
0,TK,BEG,IST
0,TK,BEN,IST
0,TK,BEY,IST
0,TK,BGW,AYT
0,TK,BGW,ESB
0,TK,BGW,IST
0,TK,BHX,IST
0,TK,BIO,IST
0,TK,BIO,SCQ
0,TK,BJV,ESB
0,TK,BJV,IST
0,TK,BJV,SAW
0,TK,BKK,AKL
0,TK,BKK,BNE
0,TK,BKK,HKG
0,TK,BKK,IST
0,TK,BKK,KUL
0,TK,BKK,MEL
0,TK,BKK,PER
0,TK,BKK,SGN
0,TK,BKK,SYD
0,TK,BLL,AAL
0,TK,BLL,IST
0,TK,BLQ,IST
0,TK,BNE,BKK
0,TK,BOM,IST
0,TK,BRE,IST
0,TK,BRU,AOE
0,TK,BRU,IST
0,TK,BRU,SAW
0,TK,BSL,IST
0,TK,BSR,IST
0,TK,BUD,IST
0,TK,BUS,IST
0,TK,CAI,IST
0,TK,CAI,JUB
0,TK,CAN,IST
0,TK,CDG,IST
0,TK,CDG,SAW
0,TK,CGK,SIN
0,TK,CGN,IST
0,TK,CKZ,ESB
0,TK,CMB,MLE
0,TK,CMN,IST
0,TK,CND,IST
0,TK,CPH,IST
0,TK,CPT,JNB
0,TK,DAC,IST
0,TK,DAR,IST
0,TK,DEL,IST
0,TK,DIY,ESB
0,TK,DIY,IST
0,TK,DIY,SAW
0,TK,DKR,IST
0,TK,DLA,ADD
0,TK,DLA,IST
0,TK,DLA,LBV
0,TK,DLA,SSG
0,TK,DLM,IST
0,TK,DMM,IST
0,TK,DNK,IST
0,TK,DNZ,IST
0,TK,DOK,IST
0,TK,DUB,IST
0,TK,DUS,IST
0,TK,DUS,SAW
0,TK,DXB,IST
0,TK,DYU,IST
0,TK,EBB,IST
0,TK,EBL,AYT
0,TK,EBL,IST
0,TK,ECN,ESB
0,TK,ECN,IST
0,TK,ECN,SAW
0,TK,EDI,IST
0,TK,ELQ,IST
0,TK,ERC,ESB
0,TK,ERC,IST
0,TK,ERZ,ESB
0,TK,ERZ,IST
0,TK,ERZ,SAW
0,TK,ESB,ADA
0,TK,ESB,ADB
0,TK,ESB,ADF
0,TK,ESB,AJI
0,TK,ESB,AYT
0,TK,ESB,BAL
0,TK,ESB,BGW
0,TK,ESB,BJV
0,TK,ESB,CKZ
0,TK,ESB,DIY
0,TK,ESB,ECN
0,TK,ESB,ERC
0,TK,ESB,ERZ
0,TK,ESB,EZS
0,TK,ESB,FRA
0,TK,ESB,GNY
0,TK,ESB,GZP
0,TK,ESB,GZT
0,TK,ESB,HTY
0,TK,ESB,IST
0,TK,ESB,KCM
0,TK,ESB,KSY
0,TK,ESB,MLX
0,TK,ESB,MQM
0,TK,ESB,MSR
0,TK,ESB,SAW
0,TK,ESB,TEQ
0,TK,ESB,TZX
0,TK,ESB,VAN
0,TK,ESB,VIE
0,TK,ESB,VKO
0,TK,EZE,GRU
0,TK,EZS,ESB
0,TK,EZS,IST
0,TK,EZS,SAW
0,TK,FCO,IST
0,TK,FDH,IST
0,TK,FIH,IST
0,TK,FRA,ESB
0,TK,FRA,IST
0,TK,FRA,SAW
0,TK,FRU,IST
0,TK,FRU,ULN
0,TK,FUK,ICN
0,TK,GNY,ESB
0,TK,GNY,IST
0,TK,GOA,IST
0,TK,GOT,IST
0,TK,GRU,EZE
0,TK,GRU,IST
0,TK,GVA,IST
0,TK,GYD,IST
0,TK,GZP,ESB
0,TK,GZT,ESB
0,TK,GZT,IST
0,TK,GZT,SAW
0,TK,HAJ,IST
0,TK,HAM,ADB
0,TK,HAM,AYT
0,TK,HAM,IST
0,TK,HBE,IST
0,TK,HEL,IST
0,TK,HIJ,ICN
0,TK,HKG,BKK
0,TK,HKG,IST
0,TK,HRE,LUN
0,TK,HRG,IST
0,TK,HTY,ESB
0,TK,HTY,IST
0,TK,HTY,SAW
0,TK,IAD,IST
0,TK,IAH,IST
0,TK,IAH,MSY
0,TK,ICN,FUK
0,TK,ICN,HIJ
0,TK,ICN,IST
0,TK,ICN,NGO
0,TK,ICN,SYD
0,TK,ICN,VVO
0,TK,IFN,IST
0,TK,IKA,IST
0,TK,IKA,SAW
0,TK,ISB,IST
0,TK,ISE,IST
0,TK,IST,AAL
0,TK,IST,ACC
0,TK,IST,ADA
0,TK,IST,ADB
0,TK,IST,ADD
0,TK,IST,ADF
0,TK,IST,AER
0,TK,IST,AGP
0,TK,IST,AJI
0,TK,IST,ALA
0,TK,IST,ALG
0,TK,IST,AMM
0,TK,IST,AMS
0,TK,IST,AQJ
0,TK,IST,ARN
0,TK,IST,ASB
0,TK,IST,ASR
0,TK,IST,ATH
0,TK,IST,AUH
0,TK,IST,AYT
0,TK,IST,BAH
0,TK,IST,BAL
0,TK,IST,BCN
0,TK,IST,BEG
0,TK,IST,BEN
0,TK,IST,BEY
0,TK,IST,BGW
0,TK,IST,BHX
0,TK,IST,BIO
0,TK,IST,BJV
0,TK,IST,BKK
0,TK,IST,BLL
0,TK,IST,BLQ
0,TK,IST,BOM
0,TK,IST,BRE
0,TK,IST,BRU
0,TK,IST,BSL
0,TK,IST,BSR
0,TK,IST,BUD
0,TK,IST,BUS
0,TK,IST,CAI
0,TK,IST,CAN
0,TK,IST,CDG
0,TK,IST,CGN
0,TK,IST,CMN
0,TK,IST,CND
0,TK,IST,CPH
0,TK,IST,DAC
0,TK,IST,DAR
0,TK,IST,DEL
0,TK,IST,DIY
0,TK,IST,DLA
0,TK,IST,DLM
0,TK,IST,DMM
0,TK,IST,DNK
0,TK,IST,DNZ
0,TK,IST,DOK
0,TK,IST,DUB
0,TK,IST,DUS
0,TK,IST,DXB
0,TK,IST,DYU
0,TK,IST,EBL
0,TK,IST,ECN
0,TK,IST,EDI
0,TK,IST,ELQ
0,TK,IST,ERC
0,TK,IST,ERZ
0,TK,IST,ESB
0,TK,IST,EZS
0,TK,IST,FCO
0,TK,IST,FDH
0,TK,IST,FIH
0,TK,IST,FRA
0,TK,IST,FRU
0,TK,IST,GNY
0,TK,IST,GOA
0,TK,IST,GOT
0,TK,IST,GRU
0,TK,IST,GVA
0,TK,IST,GYD
0,TK,IST,GZT
0,TK,IST,HAJ
0,TK,IST,HAM
0,TK,IST,HBE
0,TK,IST,HEL
0,TK,IST,HKG
0,TK,IST,HRG
0,TK,IST,HTY
0,TK,IST,IAD
0,TK,IST,IAH
0,TK,IST,ICN
0,TK,IST,IFN
0,TK,IST,IKA
0,TK,IST,ISB
0,TK,IST,ISE
0,TK,IST,ISU
0,TK,IST,JED
0,TK,IST,JFK
0,TK,IST,JIB
0,TK,IST,JNB
0,TK,IST,JRO
0,TK,IST,KAN
0,TK,IST,KBL
0,TK,IST,KBP
0,TK,IST,KCM
0,TK,IST,KFS
0,TK,IST,KGL
0,TK,IST,KHI
0,TK,IST,KIV
0,TK,IST,KIX
0,TK,IST,KRT
0,TK,IST,KSH
0,TK,IST,KSY
0,TK,IST,KTM
0,TK,IST,KUL
0,TK,IST,KVD
0,TK,IST,KWI
0,TK,IST,KYA
0,TK,IST,KZN
0,TK,IST,KZR
0,TK,IST,LAX
0,TK,IST,LED
0,TK,IST,LEJ
0,TK,IST,LGW
0,TK,IST,LHE
0,TK,IST,LHR
0,TK,IST,LIS
0,TK,IST,LJU
0,TK,IST,LOS
0,TK,IST,LUX
0,TK,IST,LWO
0,TK,IST,LYS
0,TK,IST,MAD
0,TK,IST,MAN
0,TK,IST,MCT
0,TK,IST,MED
0,TK,IST,MHD
0,TK,IST,MLA
0,TK,IST,MLE
0,TK,IST,MLX
0,TK,IST,MQM
0,TK,IST,MRS
0,TK,IST,MSQ
0,TK,IST,MSR
0,TK,IST,MUC
0,TK,IST,MXP
0,TK,IST,MZH
0,TK,IST,MZR
0,TK,IST,NAJ
0,TK,IST,NAP
0,TK,IST,NAV
0,TK,IST,NBO
0,TK,IST,NCE
0,TK,IST,NIM
0,TK,IST,NJF
0,TK,IST,NRT
0,TK,IST,NSI
0,TK,IST,NUE
0,TK,IST,ODS
0,TK,IST,ORD
0,TK,IST,ORN
0,TK,IST,OSL
0,TK,IST,OSS
0,TK,IST,OTP
0,TK,IST,OVB
0,TK,IST,PEK
0,TK,IST,PRG
0,TK,IST,PRN
0,TK,IST,PVG
0,TK,IST,RIX
0,TK,IST,ROV
0,TK,IST,RTM
0,TK,IST,RUH
0,TK,IST,SAH
0,TK,IST,SIN
0,TK,IST,SJJ
0,TK,IST,SKG
0,TK,IST,SKP
0,TK,IST,SOF
0,TK,IST,SSH
0,TK,IST,STR
0,TK,IST,SVX
0,TK,IST,SYZ
0,TK,IST,SZG
0,TK,IST,TAS
0,TK,IST,TBS
0,TK,IST,TBZ
0,TK,IST,TGD
0,TK,IST,TIA
0,TK,IST,TIF
0,TK,IST,TIP
0,TK,IST,TLL
0,TK,IST,TLS
0,TK,IST,TLV
0,TK,IST,TRN
0,TK,IST,TSE
0,TK,IST,TUN
0,TK,IST,TXL
0,TK,IST,TZX
0,TK,IST,UFA
0,TK,IST,VAN
0,TK,IST,VAS
0,TK,IST,VCE
0,TK,IST,VIE
0,TK,IST,VKO
0,TK,IST,VLC
0,TK,IST,VNO
0,TK,IST,WAW
0,TK,IST,YNB
0,TK,IST,YYZ
0,TK,IST,ZAG
0,TK,IST,ZRH
0,TK,ISU,IST
0,TK,JED,IST
0,TK,JFK,IST
0,TK,JIB,IST
0,TK,JIB,MGQ
0,TK,JNB,CPT
0,TK,JNB,IST
0,TK,JRO,MBA
0,TK,JUB,ADD
0,TK,JUB,CAI
0,TK,KAN,NDJ
0,TK,KBL,IST
0,TK,KBP,IST
0,TK,KBP,SAW
0,TK,KCM,ESB
0,TK,KCM,IST
0,TK,KFS,IST
0,TK,KGL,EBB
0,TK,KHI,IST
0,TK,KIV,IST
0,TK,KIX,IST
0,TK,KRT,IST
0,TK,KSH,IST
0,TK,KSY,ESB
0,TK,KSY,IST
0,TK,KSY,SAW
0,TK,KTM,IST
0,TK,KUL,BKK
0,TK,KUL,IST
0,TK,KVD,IST
0,TK,KWI,IST
0,TK,KWI,SAW
0,TK,KYA,IST
0,TK,KYA,SAW
0,TK,KZN,IST
0,TK,KZR,IST
0,TK,LAX,IST
0,TK,LBV,IST
0,TK,LED,IST
0,TK,LEJ,IST
0,TK,LGW,IST
0,TK,LGW,SAW
0,TK,LHE,IST
0,TK,LHR,IST
0,TK,LIS,IST
0,TK,LJU,IST
0,TK,LOS,IST
0,TK,LUX,IST
0,TK,LWO,IST
0,TK,LYS,IST
0,TK,MAD,IST
0,TK,MAN,IST
0,TK,MBA,IST
0,TK,MCT,BAH
0,TK,MCT,IST
0,TK,MED,IST
0,TK,MEL,BKK
0,TK,MGQ,JIB
0,TK,MHD,IST
0,TK,MLA,IST
0,TK,MLA,SAW
0,TK,MLE,CMB
0,TK,MLE,IST
0,TK,MLX,ESB
0,TK,MLX,IST
0,TK,MQM,ESB
0,TK,MQM,IST
0,TK,MQM,SAW
0,TK,MRS,IST
0,TK,MSQ,IST
0,TK,MSR,ESB
0,TK,MSR,IST
0,TK,MSY,IAH
0,TK,MUC,IST
0,TK,MUC,SAW
0,TK,MXP,IST
0,TK,MXP,SAW
0,TK,MZH,IST
0,TK,MZR,IST
0,TK,NAJ,KVD
0,TK,NAP,IST
0,TK,NAV,IST
0,TK,NBO,IST
0,TK,NCE,IST
0,TK,NDJ,IST
0,TK,NGO,ICN
0,TK,NIM,OUA
0,TK,NJF,IST
0,TK,NKC,DKR
0,TK,NRT,IST
0,TK,NSI,DLA
0,TK,NUE,IST
0,TK,ODS,IST
0,TK,ORD,IST
0,TK,ORN,IST
0,TK,OSL,IST
0,TK,OSS,IST
0,TK,OTP,IST
0,TK,OUA,IST
0,TK,OVB,IST
0,TK,PEK,IST
0,TK,PER,BKK
0,TK,PRG,IST
0,TK,PRN,IST
0,TK,PVG,IST
0,TK,RIX,IST
0,TK,ROV,IST
0,TK,RTM,IST
0,TK,RUH,IST
0,TK,SAH,ADE
0,TK,SAW,ADA
0,TK,SAW,ADB
0,TK,SAW,AMS
0,TK,SAW,ASF
0,TK,SAW,ASR
0,TK,SAW,AYT
0,TK,SAW,BJV
0,TK,SAW,BRU
0,TK,SAW,CDG
0,TK,SAW,DIY
0,TK,SAW,DUS
0,TK,SAW,ECN
0,TK,SAW,ERZ
0,TK,SAW,ESB
0,TK,SAW,EZS
0,TK,SAW,FRA
0,TK,SAW,GZT
0,TK,SAW,HTY
0,TK,SAW,IKA
0,TK,SAW,KBP
0,TK,SAW,KSY
0,TK,SAW,KWI
0,TK,SAW,KYA
0,TK,SAW,LGW
0,TK,SAW,MLA
0,TK,SAW,MQM
0,TK,SAW,MUC
0,TK,SAW,MXP
0,TK,SAW,SJJ
0,TK,SAW,STW
0,TK,SAW,TBS
0,TK,SAW,TLV
0,TK,SAW,TZX
0,TK,SAW,VAN
0,TK,SAW,VAS
0,TK,SAW,VIE
0,TK,SCQ,BIO
0,TK,SGN,BKK
0,TK,SIN,CGK
0,TK,SIN,IST
0,TK,SJJ,IST
0,TK,SJJ,SAW
0,TK,SKG,IST
0,TK,SKP,IST
0,TK,SOF,IST
0,TK,SSG,ADD
0,TK,SSG,DLA
0,TK,SSH,IST
0,TK,STR,IST
0,TK,STW,SAW
0,TK,SVX,IST
0,TK,SYD,BKK
0,TK,SYD,ICN
0,TK,SYZ,IST
0,TK,SZG,IST
0,TK,TAS,IST
0,TK,TBS,IST
0,TK,TBS,SAW
0,TK,TBZ,IST
0,TK,TEQ,ESB
0,TK,TGD,IST
0,TK,TIA,IST
0,TK,TIF,IST
0,TK,TIP,IST
0,TK,TIP,TUN
0,TK,TLL,IST
0,TK,TLL,VNO
0,TK,TLS,IST
0,TK,TLV,IST
0,TK,TLV,SAW
0,TK,TRN,IST
0,TK,TSE,IST
0,TK,TUN,IST
0,TK,TXL,IST
0,TK,TZX,ESB
0,TK,TZX,IST
0,TK,TZX,SAW
0,TK,UFA,IST
0,TK,ULN,FRU
0,TK,VAN,ESB
0,TK,VAN,IST
0,TK,VAN,SAW
0,TK,VAS,IST
0,TK,VAS,SAW
0,TK,VCE,IST
0,TK,VIE,ESB
0,TK,VIE,IST
0,TK,VIE,SAW
0,TK,VKO,AYT
0,TK,VKO,ESB
0,TK,VKO,IST
0,TK,VLC,IST
0,TK,VNO,IST
0,TK,VNO,TLL
0,TK,VVO,ICN
0,TK,WAW,IST
0,TK,YNB,IST
0,TK,YYZ,ATL
0,TK,YYZ,IST
0,TK,ZAG,IST
0,TK,ZRH,IST
0,UA,ABE,ORD
0,UA,ABJ,BRU
0,UA,ABJ,LFW
0,UA,ABJ,OUA
0,UA,ABQ,DEN
0,UA,ABQ,IAH
0,UA,ABQ,LAX
0,UA,ABQ,ORD
0,UA,ABQ,SFO
0,UA,ACA,IAH
0,UA,ACV,CEC
0,UA,ACV,SFO
0,UA,ACV,SMF
0,UA,ACY,IAH
0,UA,ACY,ORD
0,UA,ADD,JED
0,UA,AEX,IAH
0,UA,AGU,IAH
0,UA,AIA,CDR
0,UA,AKL,LAX
0,UA,AKL,SFO
0,UA,ALA,TSE
0,UA,ALB,CLE
0,UA,ALB,EWR
0,UA,ALB,IAD
0,UA,ALB,ORD
0,UA,ALS,DEN
0,UA,ALS,FMN
0,UA,AMA,DEN
0,UA,AMA,IAH
0,UA,AMS,EWR
0,UA,AMS,IAD
0,UA,AMS,IAH
0,UA,AMS,ORD
0,UA,ANC,DEN
0,UA,ANC,ORD
0,UA,ANC,SEA
0,UA,ANU,EWR
0,UA,AOO,IAD
0,UA,AOO,JST
0,UA,ARN,EWR
0,UA,ASB,GYD
0,UA,ASE,DEN
0,UA,ASE,LAX
0,UA,ATL,CLE
0,UA,ATL,DEN
0,UA,ATL,EWR
0,UA,ATL,FRA
0,UA,ATL,IAD
0,UA,ATL,IAH
0,UA,ATL,LGA
0,UA,ATL,ORD
0,UA,ATL,SFO
0,UA,ATL,YYZ
0,UA,ATW,ORD
0,UA,AUA,EWR
0,UA,AUA,IAD
0,UA,AUH,FRA
0,UA,AUH,MCT
0,UA,AUS,CLE
0,UA,AUS,CUN
0,UA,AUS,DEN
0,UA,AUS,EWR
0,UA,AUS,IAD
0,UA,AUS,IAH
0,UA,AUS,LAX
0,UA,AUS,ORD
0,UA,AUS,SFO
0,UA,AVL,ORD
0,UA,AVP,ORD
0,UA,BAH,KWI
0,UA,BAQ,MIA
0,UA,BCN,EWR
0,UA,BDA,EWR
0,UA,BDL,IAD
0,UA,BDL,ORD
0,UA,BDL,YUL
0,UA,BDL,YYZ
0,UA,BFD,CLE
0,UA,BFD,JHW
0,UA,BFL,DEN
0,UA,BFL,IAH
0,UA,BFL,LAX
0,UA,BFL,SFO
0,UA,BFS,EWR
0,UA,BGM,IAD
0,UA,BHM,DEN
0,UA,BHM,IAH
0,UA,BHM,ORD
0,UA,BHX,BRU
0,UA,BHX,EWR
0,UA,BIL,DEN
0,UA,BIM,FLL
0,UA,BIS,DEN
0,UA,BJL,DKR
0,UA,BJM,NBO
0,UA,BJX,IAH
0,UA,BJX,LAX
0,UA,BKK,NRT
0,UA,BKW,IAD
0,UA,BKW,SHD
0,UA,BNA,CLE
0,UA,BNA,DEN
0,UA,BNA,EWR
0,UA,BNA,IAD
0,UA,BNA,IAH
0,UA,BNA,ORD
0,UA,BOG,EWR
0,UA,BOG,IAD
0,UA,BOG,IAH
0,UA,BOG,JFK
0,UA,BOG,MIA
0,UA,BOI,DEN
0,UA,BOI,LAX
0,UA,BOI,ORD
0,UA,BOI,SFO
0,UA,BOM,EWR
0,UA,BON,EWR
0,UA,BON,IAH
0,UA,BOS,CLE
0,UA,BOS,DEN
0,UA,BOS,DUB
0,UA,BOS,EWR
0,UA,BOS,FRA
0,UA,BOS,IAD
0,UA,BOS,IAH
0,UA,BOS,LAX
0,UA,BOS,MUC
0,UA,BOS,ORD
0,UA,BOS,PTY
0,UA,BOS,SFO
0,UA,BOS,YHZ
0,UA,BOS,YOW
0,UA,BOS,YUL
0,UA,BOS,YYZ
0,UA,BOS,ZRH
0,UA,BQN,EWR
0,UA,BRO,IAH
0,UA,BRU,ABJ
0,UA,BRU,BHX
0,UA,BRU,BJM
0,UA,BRU,COO
0,UA,BRU,DKR
0,UA,BRU,DLA
0,UA,BRU,EWR
0,UA,BRU,FNA
0,UA,BRU,GOT
0,UA,BRU,HAJ
0,UA,BRU,IAD
0,UA,BRU,JFK
0,UA,BRU,KGL
0,UA,BRU,LAD
0,UA,BRU,MAN
0,UA,BRU,NSI
0,UA,BRU,ORD
0,UA,BRU,OUA
0,UA,BRU,PRG
0,UA,BRU,SXB
0,UA,BTR,IAH
0,UA,BTV,EWR
0,UA,BTV,IAD
0,UA,BTV,ORD
0,UA,BUF,CLE
0,UA,BUF,EWR
0,UA,BUF,IAD
0,UA,BUF,ORD
0,UA,BUR,DEN
0,UA,BUR,SFO
0,UA,BWI,CLE
0,UA,BWI,DEN
0,UA,BWI,EWR
0,UA,BWI,IAH
0,UA,BWI,LAX
0,UA,BWI,ORD
0,UA,BWI,SFO
0,UA,BZE,EWR
0,UA,BZE,IAH
0,UA,BZN,DEN
0,UA,BZN,ORD
0,UA,CAE,IAD
0,UA,CAE,IAH
0,UA,CAE,ORD
0,UA,CAI,JFK
0,UA,CAK,ORD
0,UA,CCS,IAH
0,UA,CDG,EWR
0,UA,CDG,IAD
0,UA,CDG,ORD
0,UA,CDG,SFO
0,UA,CDR,DEN
0,UA,CEC,ACV
0,UA,CEC,SFO
0,UA,CHO,IAD
0,UA,CHS,CLE
0,UA,CHS,EWR
0,UA,CHS,IAD
0,UA,CHS,IAH
0,UA,CHS,ORD
0,UA,CIC,SFO
0,UA,CID,DEN
0,UA,CID,ORD
0,UA,CKB,IAD
0,UA,CKB,MGW
0,UA,CKY,DKR
0,UA,CLD,LAX
0,UA,CLE,ALB
0,UA,CLE,ATL
0,UA,CLE,AUS
0,UA,CLE,BFD
0,UA,CLE,BNA
0,UA,CLE,BOS
0,UA,CLE,BUF
0,UA,CLE,BWI
0,UA,CLE,CHS
0,UA,CLE,CLT
0,UA,CLE,CMH
0,UA,CLE,CUN
0,UA,CLE,DAY
0,UA,CLE,DCA
0,UA,CLE,DEN
0,UA,CLE,DFW
0,UA,CLE,DUJ
0,UA,CLE,ERI
0,UA,CLE,EWR
0,UA,CLE,FKL
0,UA,CLE,FLL
0,UA,CLE,FNT
0,UA,CLE,GRR
0,UA,CLE,GSP
0,UA,CLE,IAD
0,UA,CLE,IAH
0,UA,CLE,IND
0,UA,CLE,JHW
0,UA,CLE,LAS
0,UA,CLE,LAX
0,UA,CLE,LGA
0,UA,CLE,MCI
0,UA,CLE,MCO
0,UA,CLE,MKE
0,UA,CLE,MSP
0,UA,CLE,MSY
0,UA,CLE,ORD
0,UA,CLE,PBI
0,UA,CLE,PHX
0,UA,CLE,PKB
0,UA,CLE,RIC
0,UA,CLE,ROC
0,UA,CLE,RSW
0,UA,CLE,SDF
0,UA,CLE,SFO
0,UA,CLE,STL
0,UA,CLE,SYR
0,UA,CLE,TPA
0,UA,CLE,YYZ
0,UA,CLL,IAH
0,UA,CLO,BOG
0,UA,CLO,MIA
0,UA,CLT,CLE
0,UA,CLT,EWR
0,UA,CLT,IAD
0,UA,CLT,IAH
0,UA,CLT,ORD
0,UA,CME,IAH
0,UA,CMH,CLE
0,UA,CMH,DEN
0,UA,CMH,EWR
0,UA,CMH,IAD
0,UA,CMH,IAH
0,UA,CMH,ORD
0,UA,CMH,YYZ
0,UA,CMX,ORD
0,UA,CNS,GUM
0,UA,COD,DEN
0,UA,COO,ABJ
0,UA,COS,DEN
0,UA,COS,IAD
0,UA,COS,IAH
0,UA,COS,LAX
0,UA,COS,ORD
0,UA,COS,SFO
0,UA,CPH,OSL
0,UA,CPR,DEN
0,UA,CRP,IAH
0,UA,CTG,MIA
0,UA,CTS,GUM
0,UA,CUN,AUS
0,UA,CUN,CLE
0,UA,CUN,DEN
0,UA,CUN,EWR
0,UA,CUN,IAD
0,UA,CUN,IAH
0,UA,CUN,LAX
0,UA,CUN,ORD
0,UA,CUN,SFO
0,UA,CUU,IAH
0,UA,CVG,DEN
0,UA,CVG,EWR
0,UA,CVG,IAD
0,UA,CVG,IAH
0,UA,CVG,ORD
0,UA,CWA,ORD
0,UA,CYS,DEN
0,UA,CYS,WRL
0,UA,CZM,IAH
0,UA,DAL,IAH
0,UA,DAR,NBO
0,UA,DAY,CLE
0,UA,DAY,DEN
0,UA,DAY,EWR
0,UA,DAY,IAD
0,UA,DAY,ORD
0,UA,DCA,CLE
0,UA,DCA,DEN
0,UA,DCA,EWR
0,UA,DCA,IAH
0,UA,DCA,ORD
0,UA,DCA,SFO
0,UA,DDC,DEN
0,UA,DDC,LBL
0,UA,DEL,EWR
0,UA,DEN,ABQ
0,UA,DEN,AIA
0,UA,DEN,ALS
0,UA,DEN,AMA
0,UA,DEN,ANC
0,UA,DEN,ASE
0,UA,DEN,ATL
0,UA,DEN,AUS
0,UA,DEN,BFL
0,UA,DEN,BHM
0,UA,DEN,BIL
0,UA,DEN,BIS
0,UA,DEN,BNA
0,UA,DEN,BOI
0,UA,DEN,BOS
0,UA,DEN,BUR
0,UA,DEN,BWI
0,UA,DEN,BZN
0,UA,DEN,CID
0,UA,DEN,CLE
0,UA,DEN,CMH
0,UA,DEN,COD
0,UA,DEN,COS
0,UA,DEN,CPR
0,UA,DEN,CUN
0,UA,DEN,CVG
0,UA,DEN,CYS
0,UA,DEN,DAY
0,UA,DEN,DCA
0,UA,DEN,DFW
0,UA,DEN,DIK
0,UA,DEN,DRO
0,UA,DEN,DSM
0,UA,DEN,DTW
0,UA,DEN,EGE
0,UA,DEN,ELP
0,UA,DEN,EUG
0,UA,DEN,EWR
0,UA,DEN,FAR
0,UA,DEN,FAT
0,UA,DEN,FCA
0,UA,DEN,FLL
0,UA,DEN,FMN
0,UA,DEN,FRA
0,UA,DEN,FSD
0,UA,DEN,GCC
0,UA,DEN,GEG
0,UA,DEN,GJT
0,UA,DEN,GRR
0,UA,DEN,GTF
0,UA,DEN,GUC
0,UA,DEN,HDN
0,UA,DEN,HLN
0,UA,DEN,HNL
0,UA,DEN,HSV
0,UA,DEN,IAD
0,UA,DEN,IAH
0,UA,DEN,ICT
0,UA,DEN,IDA
0,UA,DEN,IND
0,UA,DEN,ISN
0,UA,DEN,JAC
0,UA,DEN,KOA
0,UA,DEN,LAR
0,UA,DEN,LAS
0,UA,DEN,LAX
0,UA,DEN,LBB
0,UA,DEN,LGA
0,UA,DEN,LIH
0,UA,DEN,LIT
0,UA,DEN,LNK
0,UA,DEN,MAF
0,UA,DEN,MCI
0,UA,DEN,MCO
0,UA,DEN,MEM
0,UA,DEN,MEX
0,UA,DEN,MFR
0,UA,DEN,MIA
0,UA,DEN,MKE
0,UA,DEN,MLI
0,UA,DEN,MOT
0,UA,DEN,MRY
0,UA,DEN,MSN
0,UA,DEN,MSO
0,UA,DEN,MSP
0,UA,DEN,MSY
0,UA,DEN,MTJ
0,UA,DEN,NRT
0,UA,DEN,OGG
0,UA,DEN,OKC
0,UA,DEN,OMA
0,UA,DEN,ONT
0,UA,DEN,ORD
0,UA,DEN,PDX
0,UA,DEN,PHL
0,UA,DEN,PHX
0,UA,DEN,PIA
0,UA,DEN,PIR
0,UA,DEN,PIT
0,UA,DEN,PSC
0,UA,DEN,PSP
0,UA,DEN,PUB
0,UA,DEN,PVR
0,UA,DEN,RAP
0,UA,DEN,RDM
0,UA,DEN,RKS
0,UA,DEN,RNO
0,UA,DEN,RSW
0,UA,DEN,SAF
0,UA,DEN,SAN
0,UA,DEN,SAT
0,UA,DEN,SBA
0,UA,DEN,SDF
0,UA,DEN,SEA
0,UA,DEN,SFO
0,UA,DEN,SGF
0,UA,DEN,SGU
0,UA,DEN,SHV
0,UA,DEN,SJC
0,UA,DEN,SJD
0,UA,DEN,SLC
0,UA,DEN,SMF
0,UA,DEN,SNA
0,UA,DEN,STL
0,UA,DEN,TPA
0,UA,DEN,TUL
0,UA,DEN,TUS
0,UA,DEN,TYS
0,UA,DEN,XNA
0,UA,DEN,YEG
0,UA,DEN,YMM
0,UA,DEN,YQR
0,UA,DEN,YUL
0,UA,DEN,YVR
0,UA,DEN,YWG
0,UA,DEN,YXE
0,UA,DEN,YYC
0,UA,DEN,YYZ
0,UA,DFW,CLE
0,UA,DFW,DEN
0,UA,DFW,EWR
0,UA,DFW,FRA
0,UA,DFW,IAD
0,UA,DFW,IAH
0,UA,DFW,LAX
0,UA,DFW,ORD
0,UA,DFW,SAL
0,UA,DFW,SFO
0,UA,DFW,YYZ
0,UA,DGO,IAH
0,UA,DGO,LAX
0,UA,DIK,DEN
0,UA,DKR,BJL
0,UA,DKR,BRU
0,UA,DKR,CKY
0,UA,DKR,IAD
0,UA,DKR,JNB
0,UA,DLA,BRU
0,UA,DLA,FIH
0,UA,DLA,NSI
0,UA,DLH,ORD
0,UA,DME,VIE
0,UA,DRO,DEN
0,UA,DSM,DEN
0,UA,DSM,EWR
0,UA,DSM,IAH
0,UA,DSM,ORD
0,UA,DTW,DEN
0,UA,DTW,EWR
0,UA,DTW,FRA
0,UA,DTW,IAD
0,UA,DTW,IAH
0,UA,DTW,ORD
0,UA,DTW,YYZ
0,UA,DUB,BOS
0,UA,DUB,EWR
0,UA,DUB,IAD
0,UA,DUB,JFK
0,UA,DUB,ORD
0,UA,DUJ,CLE
0,UA,DUJ,FKL
0,UA,DUS,EWR
0,UA,DUS,ORD
0,UA,DXB,IAD
0,UA,EAU,ORD
0,UA,EBB,BRU
0,UA,EDI,BRU
0,UA,EDI,EWR
0,UA,EGE,DEN
0,UA,ELH,FLL
0,UA,ELH,PBI
0,UA,ELM,ORD
0,UA,ELP,DEN
0,UA,ELP,IAH
0,UA,ERI,CLE
0,UA,EUG,DEN
0,UA,EUG,PDX
0,UA,EUG,SFO
0,UA,EVN,VIE
0,UA,EWR,ALB
0,UA,EWR,AMS
0,UA,EWR,ANU
0,UA,EWR,ARN
0,UA,EWR,ATL
0,UA,EWR,AUA
0,UA,EWR,AUS
0,UA,EWR,BCN
0,UA,EWR,BDA
0,UA,EWR,BFS
0,UA,EWR,BHX
0,UA,EWR,BNA
0,UA,EWR,BOG
0,UA,EWR,BOM
0,UA,EWR,BON
0,UA,EWR,BOS
0,UA,EWR,BQN
0,UA,EWR,BRU
0,UA,EWR,BTV
0,UA,EWR,BUF
0,UA,EWR,BWI
0,UA,EWR,BZE
0,UA,EWR,CDG
0,UA,EWR,CHS
0,UA,EWR,CLE
0,UA,EWR,CLT
0,UA,EWR,CMH
0,UA,EWR,CUN
0,UA,EWR,CVG
0,UA,EWR,DAY
0,UA,EWR,DCA
0,UA,EWR,DEL
0,UA,EWR,DEN
0,UA,EWR,DFW
0,UA,EWR,DSM
0,UA,EWR,DTW
0,UA,EWR,DUB
0,UA,EWR,DUS
0,UA,EWR,EDI
0,UA,EWR,FCO
0,UA,EWR,FLL
0,UA,EWR,FRA
0,UA,EWR,GCM
0,UA,EWR,GLA
0,UA,EWR,GRR
0,UA,EWR,GRU
0,UA,EWR,GSO
0,UA,EWR,GSP
0,UA,EWR,GUA
0,UA,EWR,GVA
0,UA,EWR,HAM
0,UA,EWR,HKG
0,UA,EWR,HNL
0,UA,EWR,IAD
0,UA,EWR,IAH
0,UA,EWR,IND
0,UA,EWR,ITH
0,UA,EWR,JAX
0,UA,EWR,LAS
0,UA,EWR,LAX
0,UA,EWR,LHR
0,UA,EWR,LIM
0,UA,EWR,LIR
0,UA,EWR,LIS
0,UA,EWR,MAD
0,UA,EWR,MAN
0,UA,EWR,MBJ
0,UA,EWR,MCI
0,UA,EWR,MCO
0,UA,EWR,MEM
0,UA,EWR,MEX
0,UA,EWR,MHT
0,UA,EWR,MIA
0,UA,EWR,MKE
0,UA,EWR,MSN
0,UA,EWR,MSP
0,UA,EWR,MSY
0,UA,EWR,MUC
0,UA,EWR,MXP
0,UA,EWR,MYR
0,UA,EWR,NAS
0,UA,EWR,NRT
0,UA,EWR,OKC
0,UA,EWR,OMA
0,UA,EWR,ORD
0,UA,EWR,ORF
0,UA,EWR,OSL
0,UA,EWR,PBI
0,UA,EWR,PDX
0,UA,EWR,PEK
0,UA,EWR,PHX
0,UA,EWR,PIT
0,UA,EWR,PLS
0,UA,EWR,POP
0,UA,EWR,POS
0,UA,EWR,PTY
0,UA,EWR,PUJ
0,UA,EWR,PVD
0,UA,EWR,PVG
0,UA,EWR,PVR
0,UA,EWR,PWM
0,UA,EWR,RDU
0,UA,EWR,RIC
0,UA,EWR,ROC
0,UA,EWR,RSW
0,UA,EWR,SAL
0,UA,EWR,SAN
0,UA,EWR,SAP
0,UA,EWR,SAT
0,UA,EWR,SAV
0,UA,EWR,SDF
0,UA,EWR,SDQ
0,UA,EWR,SEA
0,UA,EWR,SFO
0,UA,EWR,SJD
0,UA,EWR,SJO
0,UA,EWR,SJU
0,UA,EWR,SNA
0,UA,EWR,SNN
0,UA,EWR,STL
0,UA,EWR,STR
0,UA,EWR,STT
0,UA,EWR,SXM
0,UA,EWR,SYR
0,UA,EWR,TLV
0,UA,EWR,TPA
0,UA,EWR,TUL
0,UA,EWR,TXL
0,UA,EWR,TYS
0,UA,EWR,UVF
0,UA,EWR,XNA
0,UA,EWR,YEG
0,UA,EWR,YHZ
0,UA,EWR,YOW
0,UA,EWR,YQB
0,UA,EWR,YQM
0,UA,EWR,YUL
0,UA,EWR,YVR
0,UA,EWR,YYT
0,UA,EWR,YYZ
0,UA,EWR,ZRH
0,UA,EYW,FLL
0,UA,EYW,RSW
0,UA,EYW,TPA
0,UA,EZE,IAH
0,UA,FAR,DEN
0,UA,FAR,ORD
0,UA,FAT,DEN
0,UA,FAT,LAS
0,UA,FAT,LAX
0,UA,FAT,SFO
0,UA,FAY,IAD
0,UA,FCA,DEN
0,UA,FCO,EWR
0,UA,FCO,IAD
0,UA,FIH,BRU
0,UA,FIH,DLA
0,UA,FKL,CLE
0,UA,FKL,DUJ
0,UA,FLL,BIM
0,UA,FLL,CLE
0,UA,FLL,DEN
0,UA,FLL,ELH
0,UA,FLL,EWR
0,UA,FLL,EYW
0,UA,FLL,FPO
0,UA,FLL,GGT
0,UA,FLL,GHB
0,UA,FLL,IAD
0,UA,FLL,IAH
0,UA,FLL,MCO
0,UA,FLL,MHH
0,UA,FLL,ORD
0,UA,FLL,SFO
0,UA,FLL,TCB
0,UA,FLL,TPA
0,UA,FMN,ALS
0,UA,FMN,DEN
0,UA,FMN,SOW
0,UA,FNA,ROB
0,UA,FNT,CLE
0,UA,FOE,ORD
0,UA,FPO,FLL
0,UA,FRA,ATL
0,UA,FRA,AUH
0,UA,FRA,BOS
0,UA,FRA,DEN
0,UA,FRA,DFW
0,UA,FRA,DTW
0,UA,FRA,EWR
0,UA,FRA,GYD
0,UA,FRA,IAD
0,UA,FRA,IAH
0,UA,FRA,JED
0,UA,FRA,JFK
0,UA,FRA,LAX
0,UA,FRA,LOS
0,UA,FRA,MCO
0,UA,FRA,MIA
0,UA,FRA,ORD
0,UA,FRA,SEA
0,UA,FRA,SFO
0,UA,FRA,TSE
0,UA,FSD,DEN
0,UA,FSD,ORD
0,UA,FUK,GUM
0,UA,FWA,ORD
0,UA,GCC,DEN
0,UA,GCM,EWR
0,UA,GCM,IAD
0,UA,GCM,IAH
0,UA,GDL,IAH
0,UA,GDL,LAX
0,UA,GDL,SFO
0,UA,GEG,DEN
0,UA,GGT,FLL
0,UA,GGT,GHB
0,UA,GHB,FLL
0,UA,GIG,GRU
0,UA,GIG,IAH
0,UA,GJT,DEN
0,UA,GJT,IAH
0,UA,GLA,EWR
0,UA,GNV,MCO
0,UA,GNV,TPA
0,UA,GOT,ARN
0,UA,GPT,IAH
0,UA,GRB,ORD
0,UA,GRK,IAH
0,UA,GRR,CLE
0,UA,GRR,DEN
0,UA,GRR,EWR
0,UA,GRR,IAD
0,UA,GRR,IAH
0,UA,GRR,ORD
0,UA,GRU,EWR
0,UA,GRU,GIG
0,UA,GRU,IAD
0,UA,GRU,IAH
0,UA,GRU,ORD
0,UA,GSO,EWR
0,UA,GSO,IAD
0,UA,GSO,ORD
0,UA,GSP,CLE
0,UA,GSP,EWR
0,UA,GSP,IAD
0,UA,GSP,IAH
0,UA,GSP,ORD
0,UA,GTF,DEN
0,UA,GUA,EWR
0,UA,GUA,IAD
0,UA,GUA,IAH
0,UA,GUA,MIA
0,UA,GUC,DEN
0,UA,GUM,CNS
0,UA,GUM,CTS
0,UA,GUM,FUK
0,UA,GUM,HKG
0,UA,GUM,HNL
0,UA,GUM,KIX
0,UA,GUM,MNL
0,UA,GUM,NGO
0,UA,GUM,NRT
0,UA,GUM,OKJ
0,UA,GUM,ROP
0,UA,GUM,ROR
0,UA,GUM,SDJ
0,UA,GUM,SPN
0,UA,GUM,TKK
0,UA,GUM,YAP
0,UA,GVA,EWR
0,UA,GVA,IAD
0,UA,GVA,JFK
0,UA,GVA,YUL
0,UA,GYD,ASB
0,UA,GYD,FRA
0,UA,HAJ,BRU
0,UA,HAM,EWR
0,UA,HDN,DEN
0,UA,HKG,EWR
0,UA,HKG,GUM
0,UA,HKG,ORD
0,UA,HKG,SFO
0,UA,HKG,SGN
0,UA,HKG,SIN
0,UA,HLN,DEN
0,UA,HND,HNL
0,UA,HND,LAX
0,UA,HNL,AKL
0,UA,HNL,DEN
0,UA,HNL,EWR
0,UA,HNL,GUM
0,UA,HNL,HND
0,UA,HNL,IAD
0,UA,HNL,IAH
0,UA,HNL,LAX
0,UA,HNL,LIH
0,UA,HNL,MAJ
0,UA,HNL,NRT
0,UA,HNL,OGG
0,UA,HNL,ORD
0,UA,HNL,PEK
0,UA,HNL,SFO
0,UA,HOB,IAH
0,UA,HON,PIR
0,UA,HPN,ORD
0,UA,HRL,IAH
0,UA,HSV,DEN
0,UA,HSV,IAD
0,UA,HSV,IAH
0,UA,HSV,ORD
0,UA,HUX,IAH
0,UA,IAD,ALB
0,UA,IAD,AMS
0,UA,IAD,AOO
0,UA,IAD,ATL
0,UA,IAD,AUA
0,UA,IAD,AUS
0,UA,IAD,BDL
0,UA,IAD,BGM
0,UA,IAD,BKW
0,UA,IAD,BNA
0,UA,IAD,BOG
0,UA,IAD,BOS
0,UA,IAD,BRU
0,UA,IAD,BTV
0,UA,IAD,BUF
0,UA,IAD,CAE
0,UA,IAD,CDG
0,UA,IAD,CHO
0,UA,IAD,CHS
0,UA,IAD,CLE
0,UA,IAD,CLT
0,UA,IAD,CMH
0,UA,IAD,COS
0,UA,IAD,CRW
0,UA,IAD,CUN
0,UA,IAD,CVG
0,UA,IAD,DAY
0,UA,IAD,DEN
0,UA,IAD,DFW
0,UA,IAD,DKR
0,UA,IAD,DTW
0,UA,IAD,DUB
0,UA,IAD,DXB
0,UA,IAD,EWR
0,UA,IAD,FAY
0,UA,IAD,FCO
0,UA,IAD,FLL
0,UA,IAD,FRA
0,UA,IAD,GCM
0,UA,IAD,GRR
0,UA,IAD,GRU
0,UA,IAD,GSO
0,UA,IAD,GSP
0,UA,IAD,GUA
0,UA,IAD,GVA
0,UA,IAD,HNL
0,UA,IAD,HSV
0,UA,IAD,IAH
0,UA,IAD,IND
0,UA,IAD,JAX
0,UA,IAD,JFK
0,UA,IAD,JST
0,UA,IAD,KWI
0,UA,IAD,LAS
0,UA,IAD,LAX
0,UA,IAD,LGA
0,UA,IAD,LHR
0,UA,IAD,LWB
0,UA,IAD,MAN
0,UA,IAD,MBJ
0,UA,IAD,MCI
0,UA,IAD,MCO
0,UA,IAD,MDT
0,UA,IAD,MEX
0,UA,IAD,MGW
0,UA,IAD,MIA
0,UA,IAD,MSP
0,UA,IAD,MSY
0,UA,IAD,MUC
0,UA,IAD,NRT
0,UA,IAD,OKC
0,UA,IAD,OMA
0,UA,IAD,ORD
0,UA,IAD,ORF
0,UA,IAD,PDX
0,UA,IAD,PEK
0,UA,IAD,PHL
0,UA,IAD,PHX
0,UA,IAD,PIT
0,UA,IAD,PTY
0,UA,IAD,PUJ
0,UA,IAD,PVD
0,UA,IAD,PWM
0,UA,IAD,RDU
0,UA,IAD,RIC
0,UA,IAD,ROA
0,UA,IAD,ROC
0,UA,IAD,SAN
0,UA,IAD,SAT
0,UA,IAD,SAV
0,UA,IAD,SCE
0,UA,IAD,SDF
0,UA,IAD,SEA
0,UA,IAD,SFO
0,UA,IAD,SHD
0,UA,IAD,SJO
0,UA,IAD,SJU
0,UA,IAD,SMF
0,UA,IAD,STL
0,UA,IAD,STT
0,UA,IAD,SXM
0,UA,IAD,SYR
0,UA,IAD,TPA
0,UA,IAD,TUL
0,UA,IAD,TYS
0,UA,IAD,VIE
0,UA,IAD,YOW
0,UA,IAD,YUL
0,UA,IAD,YYZ
0,UA,IAD,ZRH
0,UA,IAH,ABQ
0,UA,IAH,ACA
0,UA,IAH,ACY
0,UA,IAH,AEX
0,UA,IAH,AGU
0,UA,IAH,AMA
0,UA,IAH,AMS
0,UA,IAH,ATL
0,UA,IAH,AUS
0,UA,IAH,BFL
0,UA,IAH,BHM
0,UA,IAH,BJX
0,UA,IAH,BNA
0,UA,IAH,BOG
0,UA,IAH,BON
0,UA,IAH,BOS
0,UA,IAH,BRO
0,UA,IAH,BTR
0,UA,IAH,BWI
0,UA,IAH,BZE
0,UA,IAH,CAE
0,UA,IAH,CCS
0,UA,IAH,CHS
0,UA,IAH,CLE
0,UA,IAH,CLL
0,UA,IAH,CLT
0,UA,IAH,CME
0,UA,IAH,CMH
0,UA,IAH,COS
0,UA,IAH,CRP
0,UA,IAH,CRW
0,UA,IAH,CUN
0,UA,IAH,CUU
0,UA,IAH,CVG
0,UA,IAH,CZM
0,UA,IAH,DAL
0,UA,IAH,DCA
0,UA,IAH,DEN
0,UA,IAH,DFW
0,UA,IAH,DGO
0,UA,IAH,DSM
0,UA,IAH,DTW
0,UA,IAH,ELP
0,UA,IAH,EWR
0,UA,IAH,EZE
0,UA,IAH,FLL
0,UA,IAH,FRA
0,UA,IAH,GCM
0,UA,IAH,GDL
0,UA,IAH,GIG
0,UA,IAH,GJT
0,UA,IAH,GPT
0,UA,IAH,GRK
0,UA,IAH,GRR
0,UA,IAH,GRU
0,UA,IAH,GSP
0,UA,IAH,GUA
0,UA,IAH,HNL
0,UA,IAH,HOB
0,UA,IAH,HRL
0,UA,IAH,HSV
0,UA,IAH,HUX
0,UA,IAH,IAD
0,UA,IAH,ICT
0,UA,IAH,IND
0,UA,IAH,JAN
0,UA,IAH,JAX
0,UA,IAH,LAS
0,UA,IAH,LAX
0,UA,IAH,LBB
0,UA,IAH,LCH
0,UA,IAH,LEX
0,UA,IAH,LFT
0,UA,IAH,LGA
0,UA,IAH,LHR
0,UA,IAH,LIM
0,UA,IAH,LIR
0,UA,IAH,LIT
0,UA,IAH,LOS
0,UA,IAH,LRD
0,UA,IAH,MAF
0,UA,IAH,MBJ
0,UA,IAH,MCI
0,UA,IAH,MCO
0,UA,IAH,MEM
0,UA,IAH,MEX
0,UA,IAH,MFE
0,UA,IAH,MGA
0,UA,IAH,MIA
0,UA,IAH,MID
0,UA,IAH,MKE
0,UA,IAH,MLM
0,UA,IAH,MLU
0,UA,IAH,MOB
0,UA,IAH,MSP
0,UA,IAH,MSY
0,UA,IAH,MTY
0,UA,IAH,MUC
0,UA,IAH,NAS
0,UA,IAH,NRT
0,UA,IAH,OAX
0,UA,IAH,OKC
0,UA,IAH,OMA
0,UA,IAH,ONT
0,UA,IAH,ORD
0,UA,IAH,ORF
0,UA,IAH,PBC
0,UA,IAH,PBI
0,UA,IAH,PDX
0,UA,IAH,PEK
0,UA,IAH,PHL
0,UA,IAH,PHX
0,UA,IAH,PIT
0,UA,IAH,PNS
0,UA,IAH,POS
0,UA,IAH,PSP
0,UA,IAH,PTY
0,UA,IAH,PVR
0,UA,IAH,QRO
0,UA,IAH,RDU
0,UA,IAH,RIC
0,UA,IAH,RSW
0,UA,IAH,RTB
0,UA,IAH,SAL
0,UA,IAH,SAN
0,UA,IAH,SAP
0,UA,IAH,SAT
0,UA,IAH,SAV
0,UA,IAH,SDF
0,UA,IAH,SEA
0,UA,IAH,SFO
0,UA,IAH,SHV
0,UA,IAH,SJC
0,UA,IAH,SJD
0,UA,IAH,SJO
0,UA,IAH,SJU
0,UA,IAH,SLC
0,UA,IAH,SLP
0,UA,IAH,SLW
0,UA,IAH,SMF
0,UA,IAH,SNA
0,UA,IAH,STL
0,UA,IAH,TAM
0,UA,IAH,TGU
0,UA,IAH,TPA
0,UA,IAH,TRC
0,UA,IAH,TUL
0,UA,IAH,TUS
0,UA,IAH,TYR
0,UA,IAH,TYS
0,UA,IAH,UIO
0,UA,IAH,VER
0,UA,IAH,VPS
0,UA,IAH,VSA
0,UA,IAH,XNA
0,UA,IAH,YEG
0,UA,IAH,YUL
0,UA,IAH,YVR
0,UA,IAH,YYC
0,UA,IAH,YYZ
0,UA,IAH,ZIH
0,UA,IAH,ZLO
0,UA,ICN,JFK
0,UA,ICN,LAX
0,UA,ICN,NRT
0,UA,ICN,REP
0,UA,ICN,SEA
0,UA,ICN,SFO
0,UA,ICT,DEN
0,UA,ICT,IAH
0,UA,ICT,LAX
0,UA,ICT,ORD
0,UA,IDA,DEN
0,UA,IND,CLE
0,UA,IND,DEN
0,UA,IND,EWR
0,UA,IND,IAD
0,UA,IND,IAH
0,UA,IND,ORD
0,UA,IND,SFO
0,UA,ISN,DEN
0,UA,ITH,EWR
0,UA,ITO,LAX
0,UA,JAC,DEN
0,UA,JAN,IAH
0,UA,JAN,ORD
0,UA,JAX,EWR
0,UA,JAX,IAD
0,UA,JAX,IAH
0,UA,JAX,MHH
0,UA,JAX,ORD
0,UA,JAX,TPA
0,UA,JED,ADD
0,UA,JED,FRA
0,UA,JFK,BOG
0,UA,JFK,BRU
0,UA,JFK,CAI
0,UA,JFK,DUB
0,UA,JFK,FRA
0,UA,JFK,GVA
0,UA,JFK,IAD
0,UA,JFK,ICN
0,UA,JFK,JNB
0,UA,JFK,LAX
0,UA,JFK,MUC
0,UA,JFK,NRT
0,UA,JFK,PEK
0,UA,JFK,PTY
0,UA,JFK,SAL
0,UA,JFK,SFO
0,UA,JFK,VIE
0,UA,JFK,ZRH
0,UA,JHW,BFD
0,UA,JHW,CLE
0,UA,JNB,DKR
0,UA,JNB,JFK
0,UA,JST,AOO
0,UA,JST,IAD
0,UA,KGL,EBB
0,UA,KGL,NBO
0,UA,KIX,GUM
0,UA,KIX,SFO
0,UA,KOA,DEN
0,UA,KOA,LAX
0,UA,KOA,SFO
0,UA,KSA,KWA
0,UA,KSA,PNI
0,UA,KWA,KSA
0,UA,KWA,MAJ
0,UA,KWA,PNI
0,UA,KWI,BAH
0,UA,KWI,IAD
0,UA,LAD,FIH
0,UA,LAN,ORD
0,UA,LAR,DEN
0,UA,LAS,CLE
0,UA,LAS,DEN
0,UA,LAS,EWR
0,UA,LAS,FAT
0,UA,LAS,IAD
0,UA,LAS,IAH
0,UA,LAS,LAX
0,UA,LAS,ORD
0,UA,LAS,PSP
0,UA,LAS,PTY
0,UA,LAS,SFO
0,UA,LAX,ABQ
0,UA,LAX,AKL
0,UA,LAX,ASE
0,UA,LAX,AUS
0,UA,LAX,BFL
0,UA,LAX,BJX
0,UA,LAX,BOI
0,UA,LAX,BOS
0,UA,LAX,BWI
0,UA,LAX,CLD
0,UA,LAX,CLE
0,UA,LAX,COS
0,UA,LAX,CUN
0,UA,LAX,DEN
0,UA,LAX,DFW
0,UA,LAX,DGO
0,UA,LAX,EWR
0,UA,LAX,FAT
0,UA,LAX,FRA
0,UA,LAX,GDL
0,UA,LAX,HND
0,UA,LAX,HNL
0,UA,LAX,IAD
0,UA,LAX,IAH
0,UA,LAX,ICN
0,UA,LAX,ICT
0,UA,LAX,ITO
0,UA,LAX,JFK
0,UA,LAX,KOA
0,UA,LAX,LAS
0,UA,LAX,LHR
0,UA,LAX,LIH
0,UA,LAX,MCO
0,UA,LAX,MEX
0,UA,LAX,MRY
0,UA,LAX,MSP
0,UA,LAX,MSY
0,UA,LAX,MUC
0,UA,LAX,NRT
0,UA,LAX,OGG
0,UA,LAX,OKC
0,UA,LAX,ORD
0,UA,LAX,PDX
0,UA,LAX,PEK
0,UA,LAX,PHX
0,UA,LAX,PIT
0,UA,LAX,PSP
0,UA,LAX,PTY
0,UA,LAX,PVG
0,UA,LAX,PVR
0,UA,LAX,RNO
0,UA,LAX,SAL
0,UA,LAX,SAN
0,UA,LAX,SAT
0,UA,LAX,SBA
0,UA,LAX,SBP
0,UA,LAX,SEA
0,UA,LAX,SFO
0,UA,LAX,SJC
0,UA,LAX,SJD
0,UA,LAX,SLC
0,UA,LAX,SMF
0,UA,LAX,SMX
0,UA,LAX,SYD
0,UA,LAX,TUS
0,UA,LAX,YLW
0,UA,LAX,YUL
0,UA,LAX,YUM
0,UA,LAX,YVR
0,UA,LAX,YYZ
0,UA,LAX,ZRH
0,UA,LBB,DEN
0,UA,LBB,IAH
0,UA,LBL,DDC
0,UA,LBL,DEN
0,UA,LCH,IAH
0,UA,LED,VIE
0,UA,LEX,IAH
0,UA,LEX,ORD
0,UA,LFT,IAH
0,UA,LFW,BRU
0,UA,LGA,CLE
0,UA,LGA,DEN
0,UA,LGA,IAD
0,UA,LGA,IAH
0,UA,LGA,ORD
0,UA,LGA,YOW
0,UA,LGA,YUL
0,UA,LGA,YYZ
0,UA,LHR,EWR
0,UA,LHR,IAD
0,UA,LHR,IAH
0,UA,LHR,LAX
0,UA,LHR,ORD
0,UA,LHR,SFO
0,UA,LIH,DEN
0,UA,LIH,HNL
0,UA,LIH,LAX
0,UA,LIH,SFO
0,UA,LIM,EWR
0,UA,LIM,IAH
0,UA,LIM,MIA
0,UA,LIR,EWR
0,UA,LIR,IAH
0,UA,LIS,EWR
0,UA,LIS,MIA
0,UA,LIS,TMS
0,UA,LIT,DEN
0,UA,LIT,IAH
0,UA,LIT,ORD
0,UA,LMT,PDX
0,UA,LMT,SFO
0,UA,LNK,DEN
0,UA,LNK,ORD
0,UA,LOS,FRA
0,UA,LOS,IAH
0,UA,LOS,PHC
0,UA,LRD,IAH
0,UA,LWB,IAD
0,UA,MAD,EWR
0,UA,MAF,DEN
0,UA,MAF,IAH
0,UA,MAJ,HNL
0,UA,MAJ,KWA
0,UA,MAN,EWR
0,UA,MBJ,EWR
0,UA,MBJ,IAD
0,UA,MBJ,IAH
0,UA,MBS,ORD
0,UA,MCI,CLE
0,UA,MCI,DEN
0,UA,MCI,EWR
0,UA,MCI,IAD
0,UA,MCI,IAH
0,UA,MCI,ORD
0,UA,MCI,SFO
0,UA,MCO,CLE
0,UA,MCO,DEN
0,UA,MCO,EWR
0,UA,MCO,FLL
0,UA,MCO,FRA
0,UA,MCO,GNV
0,UA,MCO,IAD
0,UA,MCO,IAH
0,UA,MCO,LAX
0,UA,MCO,MHH
0,UA,MCO,ORD
0,UA,MCO,PNS
0,UA,MCO,PTY
0,UA,MCO,RSW
0,UA,MCO,SFO
0,UA,MCO,TLH
0,UA,MCT,AUH
0,UA,MDE,MIA
0,UA,MDT,IAD
0,UA,MDT,ORD
0,UA,MEL,SYD
0,UA,MEM,DEN
0,UA,MEM,EWR
0,UA,MEM,IAH
0,UA,MEM,ORD
0,UA,MEX,DEN
0,UA,MEX,EWR
0,UA,MEX,IAD
0,UA,MEX,IAH
0,UA,MEX,LAX
0,UA,MEX,ORD
0,UA,MEX,SFO
0,UA,MFE,IAH
0,UA,MFR,DEN
0,UA,MFR,SFO
0,UA,MGA,IAH
0,UA,MGW,CKB
0,UA,MGW,IAD
0,UA,MHH,FLL
0,UA,MHH,JAX
0,UA,MHH,MCO
0,UA,MHH,PBI
0,UA,MHT,EWR
0,UA,MHT,ORD
0,UA,MIA,BAQ
0,UA,MIA,BOG
0,UA,MIA,CLO
0,UA,MIA,CTG
0,UA,MIA,DEN
0,UA,MIA,EWR
0,UA,MIA,FRA
0,UA,MIA,GUA
0,UA,MIA,IAD
0,UA,MIA,IAH
0,UA,MIA,LIM
0,UA,MIA,LIS
0,UA,MIA,MDE
0,UA,MIA,ORD
0,UA,MIA,PTY
0,UA,MIA,SAL
0,UA,MIA,SAP
0,UA,MIA,ZRH
0,UA,MID,IAH
0,UA,MKE,CLE
0,UA,MKE,DEN
0,UA,MKE,EWR
0,UA,MKE,IAH
0,UA,MKE,ORD
0,UA,MKG,ORD
0,UA,MLI,DEN
0,UA,MLI,ORD
0,UA,MLM,IAH
0,UA,MLU,IAH
0,UA,MNL,GUM
0,UA,MNL,ROR
0,UA,MOB,IAH
0,UA,MOB,ORD
0,UA,MOD,SFO
0,UA,MOT,DEN
0,UA,MRY,DEN
0,UA,MRY,LAX
0,UA,MRY,SFO
0,UA,MSN,DEN
0,UA,MSN,EWR
0,UA,MSN,ORD
0,UA,MSO,DEN
0,UA,MSP,CLE
0,UA,MSP,DEN
0,UA,MSP,EWR
0,UA,MSP,IAD
0,UA,MSP,IAH
0,UA,MSP,LAX
0,UA,MSP,ORD
0,UA,MSP,SFO
0,UA,MSP,YYZ
0,UA,MSY,CLE
0,UA,MSY,DEN
0,UA,MSY,EWR
0,UA,MSY,IAD
0,UA,MSY,IAH
0,UA,MSY,LAX
0,UA,MSY,ORD
0,UA,MSY,SFO
0,UA,MSY,YYZ
0,UA,MTJ,DEN
0,UA,MTY,IAH
0,UA,MTY,ORD
0,UA,MUC,BOS
0,UA,MUC,EWR
0,UA,MUC,IAD
0,UA,MUC,IAH
0,UA,MUC,JFK
0,UA,MUC,LAX
0,UA,MUC,ORD
0,UA,MUC,SFO
0,UA,MXP,EWR
0,UA,MYR,EWR
0,UA,MYR,ORD
0,UA,NAS,EWR
0,UA,NAS,IAH
0,UA,NAS,ORD
0,UA,NBO,BRU
0,UA,NBO,DAR
0,UA,NBO,ZRH
0,UA,NGO,GUM
0,UA,NRT,BKK
0,UA,NRT,DEN
0,UA,NRT,EWR
0,UA,NRT,GUM
0,UA,NRT,HNL
0,UA,NRT,IAD
0,UA,NRT,IAH
0,UA,NRT,ICN
0,UA,NRT,JFK
0,UA,NRT,LAX
0,UA,NRT,ORD
0,UA,NRT,SEA
0,UA,NRT,SFO
0,UA,NRT,SIN
0,UA,NRT,SJC
0,UA,NSI,BRU
0,UA,NSI,DLA
0,UA,OAX,IAH
0,UA,OGG,DEN
0,UA,OGG,HNL
0,UA,OGG,LAX
0,UA,OGG,ORD
0,UA,OGG,SFO
0,UA,OKC,DEN
0,UA,OKC,EWR
0,UA,OKC,IAD
0,UA,OKC,IAH
0,UA,OKC,LAX
0,UA,OKC,ORD
0,UA,OKC,SFO
0,UA,OKJ,GUM
0,UA,OMA,DEN
0,UA,OMA,EWR
0,UA,OMA,IAH
0,UA,OMA,ORD
0,UA,ONT,DEN
0,UA,ONT,IAH
0,UA,ONT,SFO
0,UA,ORD,ABE
0,UA,ORD,ABQ
0,UA,ORD,ACY
0,UA,ORD,ALB
0,UA,ORD,AMS
0,UA,ORD,ANC
0,UA,ORD,ATL
0,UA,ORD,ATW
0,UA,ORD,AUS
0,UA,ORD,AVL
0,UA,ORD,AVP
0,UA,ORD,BDL
0,UA,ORD,BHM
0,UA,ORD,BNA
0,UA,ORD,BOI
0,UA,ORD,BOS
0,UA,ORD,BRU
0,UA,ORD,BTV
0,UA,ORD,BUF
0,UA,ORD,BWI
0,UA,ORD,BZN
0,UA,ORD,CAE
0,UA,ORD,CAK
0,UA,ORD,CDG
0,UA,ORD,CHS
0,UA,ORD,CID
0,UA,ORD,CLE
0,UA,ORD,CLT
0,UA,ORD,CMH
0,UA,ORD,CMX
0,UA,ORD,COS
0,UA,ORD,CRW
0,UA,ORD,CUN
0,UA,ORD,CVG
0,UA,ORD,CWA
0,UA,ORD,DAY
0,UA,ORD,DCA
0,UA,ORD,DEN
0,UA,ORD,DFW
0,UA,ORD,DLH
0,UA,ORD,DSM
0,UA,ORD,DTW
0,UA,ORD,DUB
0,UA,ORD,DUS
0,UA,ORD,EAU
0,UA,ORD,ELM
0,UA,ORD,EWR
0,UA,ORD,FAR
0,UA,ORD,FLL
0,UA,ORD,FOE
0,UA,ORD,FRA
0,UA,ORD,FSD
0,UA,ORD,FWA
0,UA,ORD,GRB
0,UA,ORD,GRR
0,UA,ORD,GRU
0,UA,ORD,GSO
0,UA,ORD,GSP
0,UA,ORD,HKG
0,UA,ORD,HNL
0,UA,ORD,HPN
0,UA,ORD,HSV
0,UA,ORD,IAD
0,UA,ORD,IAH
0,UA,ORD,ICT
0,UA,ORD,IND
0,UA,ORD,JAN
0,UA,ORD,JAX
0,UA,ORD,LAN
0,UA,ORD,LAS
0,UA,ORD,LAX
0,UA,ORD,LEX
0,UA,ORD,LGA
0,UA,ORD,LHR
0,UA,ORD,LIT
0,UA,ORD,LNK
0,UA,ORD,MBS
0,UA,ORD,MCI
0,UA,ORD,MCO
0,UA,ORD,MDT
0,UA,ORD,MEM
0,UA,ORD,MEX
0,UA,ORD,MHT
0,UA,ORD,MIA
0,UA,ORD,MKE
0,UA,ORD,MKG
0,UA,ORD,MLI
0,UA,ORD,MOB
0,UA,ORD,MSN
0,UA,ORD,MSP
0,UA,ORD,MSY
0,UA,ORD,MTY
0,UA,ORD,MUC
0,UA,ORD,MYR
0,UA,ORD,NAS
0,UA,ORD,NRT
0,UA,ORD,OGG
0,UA,ORD,OKC
0,UA,ORD,OMA
0,UA,ORD,ORF
0,UA,ORD,PAH
0,UA,ORD,PDX
0,UA,ORD,PEK
0,UA,ORD,PHL
0,UA,ORD,PHX
0,UA,ORD,PIA
0,UA,ORD,PIT
0,UA,ORD,PNS
0,UA,ORD,PTY
0,UA,ORD,PUJ
0,UA,ORD,PVD
0,UA,ORD,PVG
0,UA,ORD,PVR
0,UA,ORD,PWM
0,UA,ORD,RAP
0,UA,ORD,RDU
0,UA,ORD,RIC
0,UA,ORD,ROA
0,UA,ORD,ROC
0,UA,ORD,RSW
0,UA,ORD,SAN
0,UA,ORD,SAT
0,UA,ORD,SAV
0,UA,ORD,SBN
0,UA,ORD,SCE
0,UA,ORD,SDF
0,UA,ORD,SEA
0,UA,ORD,SFO
0,UA,ORD,SGF
0,UA,ORD,SJD
0,UA,ORD,SJO
0,UA,ORD,SJU
0,UA,ORD,SLC
0,UA,ORD,SMF
0,UA,ORD,SNA
0,UA,ORD,SPI
0,UA,ORD,SRQ
0,UA,ORD,STC
0,UA,ORD,STL
0,UA,ORD,STT
0,UA,ORD,SXM
0,UA,ORD,SYR
0,UA,ORD,TPA
0,UA,ORD,TUL
0,UA,ORD,TVC
0,UA,ORD,TYS
0,UA,ORD,VIE
0,UA,ORD,XNA
0,UA,ORD,YEG
0,UA,ORD,YHZ
0,UA,ORD,YOW
0,UA,ORD,YQB
0,UA,ORD,YQR
0,UA,ORD,YUL
0,UA,ORD,YVR
0,UA,ORD,YWG
0,UA,ORD,YXE
0,UA,ORD,YXU
0,UA,ORD,YYC
0,UA,ORD,YYZ
0,UA,ORD,ZRH
0,UA,ORF,EWR
0,UA,ORF,IAD
0,UA,ORF,IAH
0,UA,ORF,ORD
0,UA,OSL,EWR
0,UA,OTH,SFO
0,UA,OUA,ABJ
0,UA,OUA,BRU
0,UA,PAH,ORD
0,UA,PBC,IAH
0,UA,PBI,CLE
0,UA,PBI,ELH
0,UA,PBI,EWR
0,UA,PBI,IAH
0,UA,PBI,MHH
0,UA,PBI,TPA
0,UA,PDX,DEN
0,UA,PDX,EUG
0,UA,PDX,EWR
0,UA,PDX,IAD
0,UA,PDX,IAH
0,UA,PDX,LAX
0,UA,PDX,LMT
0,UA,PDX,ORD
0,UA,PDX,RDM
0,UA,PDX,SEA
0,UA,PDX,SFO
0,UA,PDX,YVR
0,UA,PDX,YYC
0,UA,PEK,EWR
0,UA,PEK,HNL
0,UA,PEK,IAD
0,UA,PEK,IAH
0,UA,PEK,JFK
0,UA,PEK,LAX
0,UA,PEK,ORD
0,UA,PEK,SFO
0,UA,PGA,DEN
0,UA,PHC,LOS
0,UA,PHL,DEN
0,UA,PHL,IAD
0,UA,PHL,IAH
0,UA,PHL,ORD
0,UA,PHL,SFO
0,UA,PHL,YYZ
0,UA,PHX,CLE
0,UA,PHX,DEN
0,UA,PHX,EWR
0,UA,PHX,IAD
0,UA,PHX,IAH
0,UA,PHX,LAX
0,UA,PHX,ORD
0,UA,PHX,SFO
0,UA,PHX,SOW
0,UA,PIA,DEN
0,UA,PIA,ORD
0,UA,PIR,DEN
0,UA,PIR,HON
0,UA,PIT,DEN
0,UA,PIT,EWR
0,UA,PIT,IAD
0,UA,PIT,IAH
0,UA,PIT,LAX
0,UA,PIT,ORD
0,UA,PIT,SFO
0,UA,PIT,YYZ
0,UA,PKB,CLE
0,UA,PLS,EWR
0,UA,PNI,KSA
0,UA,PNI,KWA
0,UA,PNI,TKK
0,UA,PNS,IAH
0,UA,PNS,MCO
0,UA,PNS,ORD
0,UA,PNS,TPA
0,UA,POP,EWR
0,UA,POS,EWR
0,UA,POS,IAH
0,UA,PRG,BRU
0,UA,PSC,DEN
0,UA,PSC,SFO
0,UA,PSP,DEN
0,UA,PSP,IAH
0,UA,PSP,LAS
0,UA,PSP,LAX
0,UA,PSP,SFO
0,UA,PTY,BOS
0,UA,PTY,EWR
0,UA,PTY,IAD
0,UA,PTY,IAH
0,UA,PTY,JFK
0,UA,PTY,LAS
0,UA,PTY,LAX
0,UA,PTY,MCO
0,UA,PTY,MIA
0,UA,PTY,ORD
0,UA,PUB,DEN
0,UA,PUJ,EWR
0,UA,PUJ,IAD
0,UA,PUJ,ORD
0,UA,PVD,EWR
0,UA,PVD,IAD
0,UA,PVD,ORD
0,UA,PVG,EWR
0,UA,PVG,LAX
0,UA,PVG,ORD
0,UA,PVG,SFO
0,UA,PVR,DEN
0,UA,PVR,EWR
0,UA,PVR,IAH
0,UA,PVR,LAX
0,UA,PVR,ORD
0,UA,PVR,SFO
0,UA,QRO,IAH
0,UA,RAP,DEN
0,UA,RAP,ORD
0,UA,RDD,SFO
0,UA,RDM,DEN
0,UA,RDM,PDX
0,UA,RDM,SFO
0,UA,RDU,EWR
0,UA,RDU,IAD
0,UA,RDU,IAH
0,UA,RDU,ORD
0,UA,RDU,SFO
0,UA,REP,ICN
0,UA,RIC,CLE
0,UA,RIC,EWR
0,UA,RIC,IAD
0,UA,RIC,IAH
0,UA,RIC,ORD
0,UA,RKS,DEN
0,UA,RNO,DEN
0,UA,RNO,LAX
0,UA,RNO,SFO
0,UA,ROA,IAD
0,UA,ROA,ORD
0,UA,ROB,BRU
0,UA,ROC,CLE
0,UA,ROC,EWR
0,UA,ROC,IAD
0,UA,ROC,ORD
0,UA,ROP,GUM
0,UA,ROP,SPN
0,UA,ROR,GUM
0,UA,ROR,MNL
0,UA,ROR,YAP
0,UA,RSW,CLE
0,UA,RSW,DEN
0,UA,RSW,EWR
0,UA,RSW,EYW
0,UA,RSW,IAH
0,UA,RSW,MCO
0,UA,RSW,ORD
0,UA,RTB,IAH
0,UA,SAF,DEN
0,UA,SAL,DFW
0,UA,SAL,EWR
0,UA,SAL,IAH
0,UA,SAL,JFK
0,UA,SAL,LAX
0,UA,SAL,MIA
0,UA,SAL,SFO
0,UA,SAN,DEN
0,UA,SAN,EWR
0,UA,SAN,IAD
0,UA,SAN,IAH
0,UA,SAN,LAX
0,UA,SAN,ORD
0,UA,SAN,SFO
0,UA,SAP,EWR
0,UA,SAP,IAH
0,UA,SAP,MIA
0,UA,SAT,DEN
0,UA,SAT,EWR
0,UA,SAT,IAD
0,UA,SAT,IAH
0,UA,SAT,LAX
0,UA,SAT,ORD
0,UA,SAT,SFO
0,UA,SAV,EWR
0,UA,SAV,IAD
0,UA,SAV,IAH
0,UA,SAV,ORD
0,UA,SBA,DEN
0,UA,SBA,LAX
0,UA,SBA,SFO
0,UA,SBN,ORD
0,UA,SBP,LAX
0,UA,SBP,SFO
0,UA,SCE,IAD
0,UA,SCE,ORD
0,UA,SDF,CLE
0,UA,SDF,DEN
0,UA,SDF,EWR
0,UA,SDF,IAD
0,UA,SDF,IAH
0,UA,SDF,ORD
0,UA,SDJ,GUM
0,UA,SDQ,EWR
0,UA,SEA,ANC
0,UA,SEA,DEN
0,UA,SEA,EWR
0,UA,SEA,FRA
0,UA,SEA,IAD
0,UA,SEA,IAH
0,UA,SEA,ICN
0,UA,SEA,LAX
0,UA,SEA,NRT
0,UA,SEA,ORD
0,UA,SEA,PDX
0,UA,SEA,SFO
0,UA,SEA,YVR
0,UA,SFO,ABQ
0,UA,SFO,ACV
0,UA,SFO,AKL
0,UA,SFO,ATL
0,UA,SFO,AUS
0,UA,SFO,BFL
0,UA,SFO,BOI
0,UA,SFO,BOS
0,UA,SFO,BUR
0,UA,SFO,BWI
0,UA,SFO,CDG
0,UA,SFO,CEC
0,UA,SFO,CIC
0,UA,SFO,CLE
0,UA,SFO,COS
0,UA,SFO,CUN
0,UA,SFO,DCA
0,UA,SFO,DEN
0,UA,SFO,DFW
0,UA,SFO,EUG
0,UA,SFO,EWR
0,UA,SFO,FAT
0,UA,SFO,FLL
0,UA,SFO,FRA
0,UA,SFO,GDL
0,UA,SFO,HKG
0,UA,SFO,HNL
0,UA,SFO,IAD
0,UA,SFO,IAH
0,UA,SFO,ICN
0,UA,SFO,IND
0,UA,SFO,JFK
0,UA,SFO,KIX
0,UA,SFO,KOA
0,UA,SFO,LAS
0,UA,SFO,LAX
0,UA,SFO,LHR
0,UA,SFO,LIH
0,UA,SFO,LMT
0,UA,SFO,MCI
0,UA,SFO,MCO
0,UA,SFO,MEX
0,UA,SFO,MFR
0,UA,SFO,MOD
0,UA,SFO,MRY
0,UA,SFO,MSP
0,UA,SFO,MSY
0,UA,SFO,MUC
0,UA,SFO,NRT
0,UA,SFO,OGG
0,UA,SFO,OKC
0,UA,SFO,ONT
0,UA,SFO,ORD
0,UA,SFO,OTH
0,UA,SFO,PDX
0,UA,SFO,PEK
0,UA,SFO,PHL
0,UA,SFO,PHX
0,UA,SFO,PIT
0,UA,SFO,PSC
0,UA,SFO,PSP
0,UA,SFO,PVG
0,UA,SFO,PVR
0,UA,SFO,RDD
0,UA,SFO,RDM
0,UA,SFO,RDU
0,UA,SFO,RNO
0,UA,SFO,SAL
0,UA,SFO,SAN
0,UA,SFO,SAT
0,UA,SFO,SBA
0,UA,SFO,SBP
0,UA,SFO,SEA
0,UA,SFO,SJD
0,UA,SFO,SLC
0,UA,SFO,SMF
0,UA,SFO,SNA
0,UA,SFO,STL
0,UA,SFO,SYD
0,UA,SFO,TPE
0,UA,SFO,TUS
0,UA,SFO,YEG
0,UA,SFO,YUL
0,UA,SFO,YVR
0,UA,SFO,YYC
0,UA,SFO,YYJ
0,UA,SFO,YYZ
0,UA,SFO,ZRH
0,UA,SGF,DEN
0,UA,SGF,ORD
0,UA,SGN,HKG
0,UA,SGU,DEN
0,UA,SHD,IAD
0,UA,SHV,DEN
0,UA,SHV,IAH
0,UA,SIN,HKG
0,UA,SIN,NRT
0,UA,SJC,DEN
0,UA,SJC,IAH
0,UA,SJC,LAX
0,UA,SJC,NRT
0,UA,SJD,DEN
0,UA,SJD,EWR
0,UA,SJD,IAH
0,UA,SJD,LAX
0,UA,SJD,ORD
0,UA,SJD,SFO
0,UA,SJO,EWR
0,UA,SJO,IAD
0,UA,SJO,IAH
0,UA,SJO,ORD
0,UA,SJU,EIS
0,UA,SJU,EWR
0,UA,SJU,IAD
0,UA,SJU,IAH
0,UA,SJU,ORD
0,UA,SLC,DEN
0,UA,SLC,IAH
0,UA,SLC,LAX
0,UA,SLC,ORD
0,UA,SLC,SFO
0,UA,SLP,IAH
0,UA,SLW,IAH
0,UA,SMF,ACV
0,UA,SMF,DEN
0,UA,SMF,IAD
0,UA,SMF,IAH
0,UA,SMF,LAX
0,UA,SMF,ORD
0,UA,SMF,SFO
0,UA,SMX,LAX
0,UA,SNA,DEN
0,UA,SNA,EWR
0,UA,SNA,IAH
0,UA,SNA,ORD
0,UA,SNA,SFO
0,UA,SNN,EWR
0,UA,SOW,FMN
0,UA,SOW,PHX
0,UA,SPN,GUM
0,UA,SPN,ROP
0,UA,SRQ,ORD
0,UA,STC,ORD
0,UA,STL,CLE
0,UA,STL,DEN
0,UA,STL,EWR
0,UA,STL,IAD
0,UA,STL,IAH
0,UA,STL,ORD
0,UA,STL,SFO
0,UA,STL,YYZ
0,UA,STR,EWR
0,UA,STT,EWR
0,UA,STT,IAD
0,UA,STT,ORD
0,UA,STT,SJU
0,UA,SXM,EWR
0,UA,SXM,IAD
0,UA,SXM,ORD
0,UA,SYD,LAX
0,UA,SYD,MEL
0,UA,SYD,SFO
0,UA,SYR,CLE
0,UA,SYR,EWR
0,UA,SYR,IAD
0,UA,SYR,ORD
0,UA,TAM,IAH
0,UA,TCB,FLL
0,UA,TGU,IAH
0,UA,TKK,GUM
0,UA,TKK,PNI
0,UA,TLH,MCO
0,UA,TLH,TPA
0,UA,TLV,EWR
0,UA,TPA,CLE
0,UA,TPA,DEN
0,UA,TPA,EWR
0,UA,TPA,EYW
0,UA,TPA,FLL
0,UA,TPA,GNV
0,UA,TPA,IAD
0,UA,TPA,IAH
0,UA,TPA,JAX
0,UA,TPA,ORD
0,UA,TPA,PBI
0,UA,TPA,PNS
0,UA,TPA,TLH
0,UA,TPE,SFO
0,UA,TRC,IAH
0,UA,TRN,BRU
0,UA,TSE,ALA
0,UA,TSE,FRA
0,UA,TUL,DEN
0,UA,TUL,EWR
0,UA,TUL,IAD
0,UA,TUL,IAH
0,UA,TUL,ORD
0,UA,TUS,DEN
0,UA,TUS,IAH
0,UA,TUS,LAX
0,UA,TUS,SFO
0,UA,TVC,ORD
0,UA,TXL,EWR
0,UA,TYR,IAH
0,UA,TYS,DEN
0,UA,TYS,EWR
0,UA,TYS,IAD
0,UA,TYS,IAH
0,UA,TYS,ORD
0,UA,UIO,IAH
0,UA,UVF,EWR
0,UA,VER,IAH
0,UA,VIE,DME
0,UA,VIE,EVN
0,UA,VIE,IAD
0,UA,VIE,JFK
0,UA,VIE,LED
0,UA,VIE,ORD
0,UA,VPS,IAH
0,UA,VSA,IAH
0,UA,WRL,CYS
0,UA,XNA,DEN
0,UA,XNA,EWR
0,UA,XNA,IAH
0,UA,XNA,ORD
0,UA,YAP,GUM
0,UA,YAP,ROR
0,UA,YEG,DEN
0,UA,YEG,EWR
0,UA,YEG,IAH
0,UA,YEG,ORD
0,UA,YEG,SFO
0,UA,YHZ,BOS
0,UA,YHZ,EWR
0,UA,YHZ,ORD
0,UA,YLW,LAX
0,UA,YMM,DEN
0,UA,YOW,BOS
0,UA,YOW,EWR
0,UA,YOW,IAD
0,UA,YOW,LGA
0,UA,YOW,ORD
0,UA,YQB,EWR
0,UA,YQB,ORD
0,UA,YQM,EWR
0,UA,YQR,DEN
0,UA,YQR,ORD
0,UA,YUL,BDL
0,UA,YUL,BOS
0,UA,YUL,DEN
0,UA,YUL,EWR
0,UA,YUL,GVA
0,UA,YUL,IAD
0,UA,YUL,IAH
0,UA,YUL,LAX
0,UA,YUL,LGA
0,UA,YUL,ORD
0,UA,YUL,SFO
0,UA,YUL,YYZ
0,UA,YUM,LAX
0,UA,YVR,DEN
0,UA,YVR,EWR
0,UA,YVR,IAH
0,UA,YVR,LAX
0,UA,YVR,ORD
0,UA,YVR,PDX
0,UA,YVR,SEA
0,UA,YVR,SFO
0,UA,YWG,DEN
0,UA,YWG,ORD
0,UA,YXE,DEN
0,UA,YXE,ORD
0,UA,YXU,ORD
0,UA,YYC,DEN
0,UA,YYC,IAH
0,UA,YYC,ORD
0,UA,YYC,PDX
0,UA,YYC,SFO
0,UA,YYJ,SFO
0,UA,YYT,EWR
0,UA,YYZ,ATL
0,UA,YYZ,BDL
0,UA,YYZ,BOS
0,UA,YYZ,CLE
0,UA,YYZ,CMH
0,UA,YYZ,DEN
0,UA,YYZ,DFW
0,UA,YYZ,DTW
0,UA,YYZ,EWR
0,UA,YYZ,IAD
0,UA,YYZ,IAH
0,UA,YYZ,LAX
0,UA,YYZ,LGA
0,UA,YYZ,MSP
0,UA,YYZ,MSY
0,UA,YYZ,ORD
0,UA,YYZ,PHL
0,UA,YYZ,PIT
0,UA,YYZ,SFO
0,UA,YYZ,STL
0,UA,YYZ,YUL
0,UA,ZIH,IAH
0,UA,ZLO,IAH
0,UA,ZRH,BOS
0,UA,ZRH,EWR
0,UA,ZRH,IAD
0,UA,ZRH,JFK
0,UA,ZRH,LAX
0,UA,ZRH,MIA
0,UA,ZRH,NBO
0,UA,ZRH,ORD
0,UA,ZRH,SFO
0,WN,ABQ,BWI
0,WN,ABQ,DAL
0,WN,ABQ,DEN
0,WN,ABQ,HOU
0,WN,ABQ,LAS
0,WN,ABQ,LAX
0,WN,ABQ,MCI
0,WN,ABQ,MDW
0,WN,ABQ,OAK
0,WN,ABQ,PDX
0,WN,ABQ,PHX
0,WN,ABQ,SAN
0,WN,ABQ,SEA
0,WN,ALB,BWI
0,WN,ALB,FLL
0,WN,ALB,LAS
0,WN,ALB,MCO
0,WN,ALB,MDW
0,WN,ALB,TPA
0,WN,AMA,DAL
0,WN,AMA,DEN
0,WN,AMA,LAS
0,WN,ATL,AUA
0,WN,ATL,AUS
0,WN,ATL,BDL
0,WN,ATL,BOS
0,WN,ATL,BWI
0,WN,ATL,CAK
0,WN,ATL,CHS
0,WN,ATL,CMH
0,WN,ATL,CUN
0,WN,ATL,DAY
0,WN,ATL,DCA
0,WN,ATL,DEN
0,WN,ATL,DTW
0,WN,ATL,FLL
0,WN,ATL,HOU
0,WN,ATL,IND
0,WN,ATL,JAX
0,WN,ATL,LAS
0,WN,ATL,LAX
0,WN,ATL,LGA
0,WN,ATL,MBJ
0,WN,ATL,MCI
0,WN,ATL,MCO
0,WN,ATL,MDW
0,WN,ATL,MKE
0,WN,ATL,MSP
0,WN,ATL,MSY
0,WN,ATL,NAS
0,WN,ATL,OKC
0,WN,ATL,ORF
0,WN,ATL,PBI
0,WN,ATL,PHL
0,WN,ATL,PHX
0,WN,ATL,PIT
0,WN,ATL,PUJ
0,WN,ATL,RDU
0,WN,ATL,RIC
0,WN,ATL,RSW
0,WN,ATL,SAN
0,WN,ATL,SAT
0,WN,ATL,SDF
0,WN,ATL,SFO
0,WN,ATL,SJU
0,WN,ATL,STL
0,WN,ATL,TPA
0,WN,AUA,ATL
0,WN,AUS,ATL
0,WN,AUS,BNA
0,WN,AUS,BWI
0,WN,AUS,DAL
0,WN,AUS,DCA
0,WN,AUS,DEN
0,WN,AUS,ELP
0,WN,AUS,EWR
0,WN,AUS,FLL
0,WN,AUS,HOU
0,WN,AUS,HRL
0,WN,AUS,LAS
0,WN,AUS,LAX
0,WN,AUS,LBB
0,WN,AUS,MCO
0,WN,AUS,MDW
0,WN,AUS,MSY
0,WN,AUS,OAK
0,WN,AUS,PHX
0,WN,AUS,SAN
0,WN,AUS,SJC
0,WN,AUS,TPA
0,WN,BDL,ATL
0,WN,BDL,BWI
0,WN,BDL,DEN
0,WN,BDL,FLL
0,WN,BDL,LAS
0,WN,BDL,MCO
0,WN,BDL,MDW
0,WN,BDL,RSW
0,WN,BDL,TPA
0,WN,BHM,BWI
0,WN,BHM,DAL
0,WN,BHM,HOU
0,WN,BHM,LAS
0,WN,BHM,MCO
0,WN,BHM,MDW
0,WN,BHM,TPA
0,WN,BNA,AUS
0,WN,BNA,BOS
0,WN,BNA,BWI
0,WN,BNA,CHS
0,WN,BNA,CLE
0,WN,BNA,CMH
0,WN,BNA,DEN
0,WN,BNA,DTW
0,WN,BNA,ECP
0,WN,BNA,EWR
0,WN,BNA,FLL
0,WN,BNA,GSP
0,WN,BNA,HOU
0,WN,BNA,JAX
0,WN,BNA,LAS
0,WN,BNA,LAX
0,WN,BNA,LGA
0,WN,BNA,MCI
0,WN,BNA,MCO
0,WN,BNA,MDW
0,WN,BNA,MSY
0,WN,BNA,PHL
0,WN,BNA,PHX
0,WN,BNA,PIT
0,WN,BNA,PNS
0,WN,BNA,RDU
0,WN,BNA,SAN
0,WN,BNA,SAT
0,WN,BNA,STL
0,WN,BNA,TPA
0,WN,BOI,DEN
0,WN,BOI,GEG
0,WN,BOI,LAS
0,WN,BOI,OAK
0,WN,BOI,PHX
0,WN,BOS,ATL
0,WN,BOS,BNA
0,WN,BOS,BWI
0,WN,BOS,CAK
0,WN,BOS,DEN
0,WN,BOS,HOU
0,WN,BOS,MCI
0,WN,BOS,MCO
0,WN,BOS,MDW
0,WN,BOS,MKE
0,WN,BOS,STL
0,WN,BUF,BWI
0,WN,BUF,FLL
0,WN,BUF,LAS
0,WN,BUF,MCO
0,WN,BUF,MDW
0,WN,BUF,PHX
0,WN,BUF,TPA
0,WN,BUR,DEN
0,WN,BUR,LAS
0,WN,BUR,OAK
0,WN,BUR,PHX
0,WN,BUR,SJC
0,WN,BUR,SMF
0,WN,BWI,ABQ
0,WN,BWI,ALB
0,WN,BWI,ATL
0,WN,BWI,AUS
0,WN,BWI,BDL
0,WN,BWI,BHM
0,WN,BWI,BNA
0,WN,BWI,BOS
0,WN,BWI,BUF
0,WN,BWI,CHS
0,WN,BWI,CLE
0,WN,BWI,CLT
0,WN,BWI,CMH
0,WN,BWI,DAY
0,WN,BWI,DEN
0,WN,BWI,DTW
0,WN,BWI,ECP
0,WN,BWI,FLL
0,WN,BWI,FNT
0,WN,BWI,GRR
0,WN,BWI,GSP
0,WN,BWI,HOU
0,WN,BWI,IND
0,WN,BWI,ISP
0,WN,BWI,JAX
0,WN,BWI,LAS
0,WN,BWI,LAX
0,WN,BWI,LIT
0,WN,BWI,MCI
0,WN,BWI,MCO
0,WN,BWI,MDW
0,WN,BWI,MEM
0,WN,BWI,MHT
0,WN,BWI,MKE
0,WN,BWI,MSY
0,WN,BWI,OKC
0,WN,BWI,ORF
0,WN,BWI,PBI
0,WN,BWI,PHX
0,WN,BWI,PIT
0,WN,BWI,PVD
0,WN,BWI,PWM
0,WN,BWI,RDU
0,WN,BWI,ROC
0,WN,BWI,RSW
0,WN,BWI,SAN
0,WN,BWI,SAT
0,WN,BWI,SDF
0,WN,BWI,SEA
0,WN,BWI,SJU
0,WN,BWI,SLC
0,WN,BWI,STL
0,WN,BWI,TPA
0,WN,CAK,ATL
0,WN,CAK,BOS
0,WN,CAK,DEN
0,WN,CAK,LGA
0,WN,CAK,MCO
0,WN,CAK,TPA
0,WN,CHS,BNA
0,WN,CHS,BWI
0,WN,CHS,HOU
0,WN,CHS,MDW
0,WN,CLE,BNA
0,WN,CLE,BWI
0,WN,CLE,LAS
0,WN,CLE,MDW
0,WN,CLT,BWI
0,WN,CLT,HOU
0,WN,CLT,MCO
0,WN,CLT,MDW
0,WN,CMH,ATL
0,WN,CMH,BNA
0,WN,CMH,BWI
0,WN,CMH,DEN
0,WN,CMH,FLL
0,WN,CMH,LAS
0,WN,CMH,MCO
0,WN,CMH,MDW
0,WN,CMH,PHX
0,WN,CMH,RSW
0,WN,CMH,STL
0,WN,CMH,TPA
0,WN,CRP,HOU
0,WN,CUN,ATL
0,WN,DAL,ABQ
0,WN,DAL,AMA
0,WN,DAL,AUS
0,WN,DAL,BHM
0,WN,DAL,ELP
0,WN,DAL,HOU
0,WN,DAL,HRL
0,WN,DAL,ICT
0,WN,DAL,LBB
0,WN,DAL,LIT
0,WN,DAL,MAF
0,WN,DAL,MCI
0,WN,DAL,MSY
0,WN,DAL,OKC
0,WN,DAL,SAT
0,WN,DAL,STL
0,WN,DAL,TUL
0,WN,DAY,ATL
0,WN,DAY,BWI
0,WN,DAY,DEN
0,WN,DAY,MCO
0,WN,DAY,TPA
0,WN,DCA,ATL
0,WN,DCA,AUS
0,WN,DCA,HOU
0,WN,DCA,MCI
0,WN,DCA,MKE
0,WN,DCA,RSW
0,WN,DCA,STL
0,WN,DEN,ABQ
0,WN,DEN,AMA
0,WN,DEN,ATL
0,WN,DEN,AUS
0,WN,DEN,BDL
0,WN,DEN,BNA
0,WN,DEN,BOI
0,WN,DEN,BOS
0,WN,DEN,BUR
0,WN,DEN,BWI
0,WN,DEN,CAK
0,WN,DEN,CMH
0,WN,DEN,DAY
0,WN,DEN,DTW
0,WN,DEN,EWR
0,WN,DEN,FLL
0,WN,DEN,GEG
0,WN,DEN,GRR
0,WN,DEN,HOU
0,WN,DEN,IAD
0,WN,DEN,IND
0,WN,DEN,JAX
0,WN,DEN,LAS
0,WN,DEN,LAX
0,WN,DEN,LGA
0,WN,DEN,MCI
0,WN,DEN,MCO
0,WN,DEN,MDW
0,WN,DEN,MKE
0,WN,DEN,MSP
0,WN,DEN,MSY
0,WN,DEN,OAK
0,WN,DEN,OKC
0,WN,DEN,OMA
0,WN,DEN,ONT
0,WN,DEN,PDX
0,WN,DEN,PHL
0,WN,DEN,PHX
0,WN,DEN,PIT
0,WN,DEN,RDU
0,WN,DEN,RNO
0,WN,DEN,SAN
0,WN,DEN,SAT
0,WN,DEN,SDF
0,WN,DEN,SEA
0,WN,DEN,SFO
0,WN,DEN,SJC
0,WN,DEN,SLC
0,WN,DEN,SMF
0,WN,DEN,SNA
0,WN,DEN,STL
0,WN,DEN,TPA
0,WN,DEN,TUL
0,WN,DEN,TUS
0,WN,DFW,RSW
0,WN,DSM,LAS
0,WN,DSM,MDW
0,WN,DTW,ATL
0,WN,DTW,BNA
0,WN,DTW,BWI
0,WN,DTW,DEN
0,WN,DTW,LAS
0,WN,DTW,MDW
0,WN,DTW,PHX
0,WN,DTW,STL
0,WN,ECP,BNA
0,WN,ECP,BWI
0,WN,ECP,HOU
0,WN,ECP,STL
0,WN,ELP,AUS
0,WN,ELP,DAL
0,WN,ELP,HOU
0,WN,ELP,LAS
0,WN,ELP,LAX
0,WN,ELP,PHX
0,WN,ELP,SAT
0,WN,EWR,AUS
0,WN,EWR,BNA
0,WN,EWR,DEN
0,WN,EWR,HOU
0,WN,EWR,MDW
0,WN,EWR,MSY
0,WN,EWR,PHX
0,WN,EWR,STL
0,WN,EYW,MCO
0,WN,EYW,MSY
0,WN,EYW,TPA
0,WN,FLL,ALB
0,WN,FLL,ATL
0,WN,FLL,AUS
0,WN,FLL,BDL
0,WN,FLL,BNA
0,WN,FLL,BUF
0,WN,FLL,BWI
0,WN,FLL,CMH
0,WN,FLL,DEN
0,WN,FLL,HOU
0,WN,FLL,IND
0,WN,FLL,ISP
0,WN,FLL,JAX
0,WN,FLL,LAS
0,WN,FLL,MCI
0,WN,FLL,MDW
0,WN,FLL,MKE
0,WN,FLL,MSY
0,WN,FLL,PHL
0,WN,FLL,PHX
0,WN,FLL,PIT
0,WN,FLL,PVD
0,WN,FLL,RDU
0,WN,FLL,SJU
0,WN,FLL,STL
0,WN,FLL,TPA
0,WN,FNT,BWI
0,WN,FNT,LAS
0,WN,FNT,MCO
0,WN,FNT,TPA
0,WN,GEG,BOI
0,WN,GEG,DEN
0,WN,GEG,LAS
0,WN,GEG,OAK
0,WN,GEG,PHX
0,WN,GRR,BWI
0,WN,GRR,DEN
0,WN,GRR,MCO
0,WN,GRR,STL
0,WN,GRR,TPA
0,WN,GSP,BNA
0,WN,GSP,BWI
0,WN,GSP,HOU
0,WN,GSP,MDW
0,WN,HOU,ABQ
0,WN,HOU,ATL
0,WN,HOU,AUS
0,WN,HOU,BHM
0,WN,HOU,BNA
0,WN,HOU,BOS
0,WN,HOU,BWI
0,WN,HOU,CHS
0,WN,HOU,CLT
0,WN,HOU,CRP
0,WN,HOU,DAL
0,WN,HOU,DCA
0,WN,HOU,DEN
0,WN,HOU,ECP
0,WN,HOU,ELP
0,WN,HOU,EWR
0,WN,HOU,FLL
0,WN,HOU,GSP
0,WN,HOU,HRL
0,WN,HOU,IND
0,WN,HOU,JAN
0,WN,HOU,JAX
0,WN,HOU,LAS
0,WN,HOU,LAX
0,WN,HOU,LGA
0,WN,HOU,LIT
0,WN,HOU,MAF
0,WN,HOU,MCI
0,WN,HOU,MCO
0,WN,HOU,MDW
0,WN,HOU,MEM
0,WN,HOU,MSY
0,WN,HOU,OAK
0,WN,HOU,OKC
0,WN,HOU,PHX
0,WN,HOU,PIT
0,WN,HOU,PNS
0,WN,HOU,RDU
0,WN,HOU,SAN
0,WN,HOU,SAT
0,WN,HOU,SNA
0,WN,HOU,STL
0,WN,HOU,TPA
0,WN,HOU,TUL
0,WN,HRL,AUS
0,WN,HRL,DAL
0,WN,HRL,HOU
0,WN,HRL,SAT
0,WN,IAD,DEN
0,WN,IAD,MDW
0,WN,ICT,DAL
0,WN,ICT,LAS
0,WN,ICT,MDW
0,WN,IND,ATL
0,WN,IND,BWI
0,WN,IND,DEN
0,WN,IND,FLL
0,WN,IND,HOU
0,WN,IND,LAS
0,WN,IND,MCI
0,WN,IND,MCO
0,WN,IND,PHX
0,WN,IND,RSW
0,WN,IND,TPA
0,WN,ISP,BWI
0,WN,ISP,FLL
0,WN,ISP,MCO
0,WN,ISP,PBI
0,WN,ISP,TPA
0,WN,JAN,HOU
0,WN,JAN,MCO
0,WN,JAN,MDW
0,WN,JAX,ATL
0,WN,JAX,BNA
0,WN,JAX,BWI
0,WN,JAX,DEN
0,WN,JAX,FLL
0,WN,JAX,HOU
0,WN,JAX,LAS
0,WN,JAX,MDW
0,WN,LAS,ABQ
0,WN,LAS,ALB
0,WN,LAS,AMA
0,WN,LAS,ATL
0,WN,LAS,AUS
0,WN,LAS,BDL
0,WN,LAS,BHM
0,WN,LAS,BNA
0,WN,LAS,BOI
0,WN,LAS,BUF
0,WN,LAS,BUR
0,WN,LAS,BWI
0,WN,LAS,CLE
0,WN,LAS,CMH
0,WN,LAS,DEN
0,WN,LAS,DSM
0,WN,LAS,DTW
0,WN,LAS,ELP
0,WN,LAS,FLL
0,WN,LAS,FNT
0,WN,LAS,GEG
0,WN,LAS,HOU
0,WN,LAS,ICT
0,WN,LAS,IND
0,WN,LAS,JAX
0,WN,LAS,LAX
0,WN,LAS,LBB
0,WN,LAS,LIT
0,WN,LAS,MAF
0,WN,LAS,MCI
0,WN,LAS,MCO
0,WN,LAS,MDW
0,WN,LAS,MKE
0,WN,LAS,MSY
0,WN,LAS,OAK
0,WN,LAS,OKC
0,WN,LAS,OMA
0,WN,LAS,ONT
0,WN,LAS,PDX
0,WN,LAS,PHL
0,WN,LAS,PHX
0,WN,LAS,PIT
0,WN,LAS,RDU
0,WN,LAS,RNO
0,WN,LAS,SAN
0,WN,LAS,SAT
0,WN,LAS,SDF
0,WN,LAS,SEA
0,WN,LAS,SFO
0,WN,LAS,SJC
0,WN,LAS,SLC
0,WN,LAS,SMF
0,WN,LAS,SNA
0,WN,LAS,STL
0,WN,LAS,TPA
0,WN,LAS,TUL
0,WN,LAS,TUS
0,WN,LAX,ABQ
0,WN,LAX,ATL
0,WN,LAX,AUS
0,WN,LAX,BNA
0,WN,LAX,BWI
0,WN,LAX,DEN
0,WN,LAX,ELP
0,WN,LAX,HOU
0,WN,LAX,LAS
0,WN,LAX,MCI
0,WN,LAX,MDW
0,WN,LAX,MKE
0,WN,LAX,MSY
0,WN,LAX,OAK
0,WN,LAX,PHX
0,WN,LAX,RNO
0,WN,LAX,SAT
0,WN,LAX,SFO
0,WN,LAX,SJC
0,WN,LAX,SLC
0,WN,LAX,SMF
0,WN,LAX,STL
0,WN,LAX,TUS
0,WN,LBB,AUS
0,WN,LBB,DAL
0,WN,LBB,LAS
0,WN,LGA,ATL
0,WN,LGA,BNA
0,WN,LGA,CAK
0,WN,LGA,DEN
0,WN,LGA,HOU
0,WN,LGA,MDW
0,WN,LGA,MKE
0,WN,LGA,STL
0,WN,LIT,BWI
0,WN,LIT,DAL
0,WN,LIT,HOU
0,WN,LIT,LAS
0,WN,LIT,MDW
0,WN,LIT,PHX
0,WN,MAF,DAL
0,WN,MAF,HOU
0,WN,MAF,LAS
0,WN,MBJ,ATL
0,WN,MCI,ABQ
0,WN,MCI,ATL
0,WN,MCI,BNA
0,WN,MCI,BOS
0,WN,MCI,BWI
0,WN,MCI,DAL
0,WN,MCI,DCA
0,WN,MCI,DEN
0,WN,MCI,FLL
0,WN,MCI,HOU
0,WN,MCI,IND
0,WN,MCI,LAS
0,WN,MCI,LAX
0,WN,MCI,MCO
0,WN,MCI,MDW
0,WN,MCI,MKE
0,WN,MCI,MSP
0,WN,MCI,MSY
0,WN,MCI,OAK
0,WN,MCI,PDX
0,WN,MCI,PHX
0,WN,MCI,SAN
0,WN,MCI,STL
0,WN,MCI,TPA
0,WN,MCO,ALB
0,WN,MCO,ATL
0,WN,MCO,AUS
0,WN,MCO,BDL
0,WN,MCO,BHM
0,WN,MCO,BNA
0,WN,MCO,BOS
0,WN,MCO,BUF
0,WN,MCO,BWI
0,WN,MCO,CAK
0,WN,MCO,CLT
0,WN,MCO,CMH
0,WN,MCO,DAY
0,WN,MCO,DEN
0,WN,MCO,EYW
0,WN,MCO,FNT
0,WN,MCO,GRR
0,WN,MCO,HOU
0,WN,MCO,IND
0,WN,MCO,ISP
0,WN,MCO,JAN
0,WN,MCO,LAS
0,WN,MCO,MCI
0,WN,MCO,MDW
0,WN,MCO,MEM
0,WN,MCO,MHT
0,WN,MCO,MKE
0,WN,MCO,MSP
0,WN,MCO,MSY
0,WN,MCO,ORF
0,WN,MCO,PHL
0,WN,MCO,PHX
0,WN,MCO,PIT
0,WN,MCO,PVD
0,WN,MCO,RDU
0,WN,MCO,RIC
0,WN,MCO,ROC
0,WN,MCO,SAT
0,WN,MCO,SDF
0,WN,MCO,SJU
0,WN,MCO,STL
0,WN,MDW,ABQ
0,WN,MDW,ALB
0,WN,MDW,ATL
0,WN,MDW,AUS
0,WN,MDW,BDL
0,WN,MDW,BHM
0,WN,MDW,BNA
0,WN,MDW,BOS
0,WN,MDW,BUF
0,WN,MDW,BWI
0,WN,MDW,CHS
0,WN,MDW,CLE
0,WN,MDW,CLT
0,WN,MDW,CMH
0,WN,MDW,DEN
0,WN,MDW,DSM
0,WN,MDW,DTW
0,WN,MDW,EWR
0,WN,MDW,FLL
0,WN,MDW,GSP
0,WN,MDW,HOU
0,WN,MDW,IAD
0,WN,MDW,ICT
0,WN,MDW,JAN
0,WN,MDW,JAX
0,WN,MDW,LAS
0,WN,MDW,LAX
0,WN,MDW,LGA
0,WN,MDW,LIT
0,WN,MDW,MCI
0,WN,MDW,MCO
0,WN,MDW,MEM
0,WN,MDW,MHT
0,WN,MDW,MSP
0,WN,MDW,MSY
0,WN,MDW,OAK
0,WN,MDW,OKC
0,WN,MDW,OMA
0,WN,MDW,ONT
0,WN,MDW,ORF
0,WN,MDW,PDX
0,WN,MDW,PHL
0,WN,MDW,PHX
0,WN,MDW,PIT
0,WN,MDW,PVD
0,WN,MDW,RDU
0,WN,MDW,RNO
0,WN,MDW,ROC
0,WN,MDW,RSW
0,WN,MDW,SAN
0,WN,MDW,SAT
0,WN,MDW,SDF
0,WN,MDW,SEA
0,WN,MDW,SFO
0,WN,MDW,SJC
0,WN,MDW,SLC
0,WN,MDW,SMF
0,WN,MDW,STL
0,WN,MDW,TPA
0,WN,MDW,TUL
0,WN,MDW,TUS
0,WN,MEM,BWI
0,WN,MEM,HOU
0,WN,MEM,MCO
0,WN,MEM,MDW
0,WN,MEM,TPA
0,WN,MHT,BWI
0,WN,MHT,MCO
0,WN,MHT,MDW
0,WN,MHT,TPA
0,WN,MKE,ATL
0,WN,MKE,BOS
0,WN,MKE,BWI
0,WN,MKE,DCA
0,WN,MKE,DEN
0,WN,MKE,FLL
0,WN,MKE,LAS
0,WN,MKE,LAX
0,WN,MKE,LGA
0,WN,MKE,MCI
0,WN,MKE,MCO
0,WN,MKE,MSP
0,WN,MKE,MSY
0,WN,MKE,PHX
0,WN,MKE,RSW
0,WN,MKE,SEA
0,WN,MKE,SFO
0,WN,MKE,STL
0,WN,MKE,TPA
0,WN,MSP,ATL
0,WN,MSP,DEN
0,WN,MSP,MCI
0,WN,MSP,MCO
0,WN,MSP,MDW
0,WN,MSP,MKE
0,WN,MSP,PHX
0,WN,MSP,STL
0,WN,MSY,ATL
0,WN,MSY,AUS
0,WN,MSY,BNA
0,WN,MSY,BWI
0,WN,MSY,DAL
0,WN,MSY,DEN
0,WN,MSY,EWR
0,WN,MSY,EYW
0,WN,MSY,FLL
0,WN,MSY,HOU
0,WN,MSY,LAS
0,WN,MSY,LAX
0,WN,MSY,MCI
0,WN,MSY,MCO
0,WN,MSY,MDW
0,WN,MSY,MKE
0,WN,MSY,PHX
0,WN,MSY,SAN
0,WN,MSY,STL
0,WN,MSY,TPA
0,WN,NAS,ATL
0,WN,OAK,ABQ
0,WN,OAK,AUS
0,WN,OAK,BOI
0,WN,OAK,BUR
0,WN,OAK,DEN
0,WN,OAK,GEG
0,WN,OAK,HOU
0,WN,OAK,LAS
0,WN,OAK,LAX
0,WN,OAK,MCI
0,WN,OAK,MDW
0,WN,OAK,ONT
0,WN,OAK,PDX
0,WN,OAK,PHX
0,WN,OAK,SAN
0,WN,OAK,SEA
0,WN,OAK,SLC
0,WN,OAK,SNA
0,WN,OKC,ATL
0,WN,OKC,BWI
0,WN,OKC,DAL
0,WN,OKC,DEN
0,WN,OKC,HOU
0,WN,OKC,LAS
0,WN,OKC,MDW
0,WN,OKC,PHX
0,WN,OKC,STL
0,WN,OMA,DEN
0,WN,OMA,LAS
0,WN,OMA,MDW
0,WN,OMA,PHX
0,WN,OMA,STL
0,WN,ONT,DEN
0,WN,ONT,LAS
0,WN,ONT,MDW
0,WN,ONT,OAK
0,WN,ONT,PHX
0,WN,ONT,SJC
0,WN,ONT,SMF
0,WN,ORF,ATL
0,WN,ORF,BWI
0,WN,ORF,MCO
0,WN,ORF,MDW
0,WN,PBI,ATL
0,WN,PBI,BWI
0,WN,PBI,ISP
0,WN,PDX,ABQ
0,WN,PDX,DEN
0,WN,PDX,LAS
0,WN,PDX,MCI
0,WN,PDX,MDW
0,WN,PDX,OAK
0,WN,PDX,PHX
0,WN,PDX,RNO
0,WN,PDX,SJC
0,WN,PDX,SLC
0,WN,PDX,SMF
0,WN,PHL,ATL
0,WN,PHL,BNA
0,WN,PHL,DEN
0,WN,PHL,FLL
0,WN,PHL,LAS
0,WN,PHL,MCO
0,WN,PHL,MDW
0,WN,PHL,PHX
0,WN,PHL,RSW
0,WN,PHL,STL
0,WN,PHL,TPA
0,WN,PHX,ABQ
0,WN,PHX,ATL
0,WN,PHX,AUS
0,WN,PHX,BNA
0,WN,PHX,BOI
0,WN,PHX,BUF
0,WN,PHX,BUR
0,WN,PHX,BWI
0,WN,PHX,CMH
0,WN,PHX,DEN
0,WN,PHX,DTW
0,WN,PHX,ELP
0,WN,PHX,EWR
0,WN,PHX,FLL
0,WN,PHX,GEG
0,WN,PHX,HOU
0,WN,PHX,IND
0,WN,PHX,LAS
0,WN,PHX,LAX
0,WN,PHX,LIT
0,WN,PHX,MCI
0,WN,PHX,MCO
0,WN,PHX,MDW
0,WN,PHX,MKE
0,WN,PHX,MSP
0,WN,PHX,MSY
0,WN,PHX,OAK
0,WN,PHX,OKC
0,WN,PHX,OMA
0,WN,PHX,ONT
0,WN,PHX,PDX
0,WN,PHX,PHL
0,WN,PHX,PIT
0,WN,PHX,RDU
0,WN,PHX,RNO
0,WN,PHX,SAN
0,WN,PHX,SAT
0,WN,PHX,SDF
0,WN,PHX,SEA
0,WN,PHX,SFO
0,WN,PHX,SJC
0,WN,PHX,SLC
0,WN,PHX,SMF
0,WN,PHX,SNA
0,WN,PHX,STL
0,WN,PHX,TPA
0,WN,PHX,TUL
0,WN,PIT,ATL
0,WN,PIT,BNA
0,WN,PIT,BWI
0,WN,PIT,DEN
0,WN,PIT,DFW
0,WN,PIT,FLL
0,WN,PIT,HOU
0,WN,PIT,LAS
0,WN,PIT,MCO
0,WN,PIT,MDW
0,WN,PIT,PHX
0,WN,PIT,RSW
0,WN,PIT,TPA
0,WN,PNS,BNA
0,WN,PNS,HOU
0,WN,PUJ,ATL
0,WN,PVD,BWI
0,WN,PVD,FLL
0,WN,PVD,MCO
0,WN,PVD,MDW
0,WN,PVD,RSW
0,WN,PVD,TPA
0,WN,RDU,ATL
0,WN,RDU,BNA
0,WN,RDU,BWI
0,WN,RDU,DEN
0,WN,RDU,FLL
0,WN,RDU,HOU
0,WN,RDU,LAS
0,WN,RDU,MCO
0,WN,RDU,MDW
0,WN,RDU,PHX
0,WN,RDU,STL
0,WN,RDU,TPA
0,WN,RIC,ATL
0,WN,RIC,MCO
0,WN,RNO,DEN
0,WN,RNO,LAS
0,WN,RNO,LAX
0,WN,RNO,MDW
0,WN,RNO,PDX
0,WN,RNO,PHX
0,WN,RNO,SAN
0,WN,RNO,SEA
0,WN,ROC,BWI
0,WN,ROC,MCO
0,WN,ROC,MDW
0,WN,ROC,TPA
0,WN,RSW,ATL
0,WN,RSW,BDL
0,WN,RSW,BWI
0,WN,RSW,CMH
0,WN,RSW,DCA
0,WN,RSW,IND
0,WN,RSW,MDW
0,WN,RSW,MKE
0,WN,RSW,PHL
0,WN,RSW,PIT
0,WN,RSW,PVD
0,WN,RSW,STL
0,WN,SAN,ABQ
0,WN,SAN,ATL
0,WN,SAN,AUS
0,WN,SAN,BNA
0,WN,SAN,BWI
0,WN,SAN,DEN
0,WN,SAN,HOU
0,WN,SAN,LAS
0,WN,SAN,MCI
0,WN,SAN,MDW
0,WN,SAN,MSY
0,WN,SAN,OAK
0,WN,SAN,PHX
0,WN,SAN,RNO
0,WN,SAN,SAT
0,WN,SAN,SFO
0,WN,SAN,SJC
0,WN,SAN,SMF
0,WN,SAN,STL
0,WN,SAN,TUS
0,WN,SAT,ATL
0,WN,SAT,BNA
0,WN,SAT,BWI
0,WN,SAT,DAL
0,WN,SAT,DEN
0,WN,SAT,ELP
0,WN,SAT,HOU
0,WN,SAT,HRL
0,WN,SAT,LAS
0,WN,SAT,LAX
0,WN,SAT,MCO
0,WN,SAT,MDW
0,WN,SAT,PHX
0,WN,SAT,SAN
0,WN,SAT,STL
0,WN,SAT,TPA
0,WN,SDF,ATL
0,WN,SDF,BWI
0,WN,SDF,DEN
0,WN,SDF,LAS
0,WN,SDF,MCO
0,WN,SDF,MDW
0,WN,SDF,PHX
0,WN,SDF,TPA
0,WN,SEA,ABQ
0,WN,SEA,BWI
0,WN,SEA,DEN
0,WN,SEA,LAS
0,WN,SEA,MDW
0,WN,SEA,MKE
0,WN,SEA,OAK
0,WN,SEA,PHX
0,WN,SEA,RNO
0,WN,SEA,SJC
0,WN,SEA,SLC
0,WN,SEA,SMF
0,WN,SFO,ATL
0,WN,SFO,DEN
0,WN,SFO,LAS
0,WN,SFO,LAX
0,WN,SFO,MDW
0,WN,SFO,MKE
0,WN,SFO,PHX
0,WN,SFO,SAN
0,WN,SFO,SNA
0,WN,SJC,AUS
0,WN,SJC,BUR
0,WN,SJC,DEN
0,WN,SJC,LAS
0,WN,SJC,LAX
0,WN,SJC,MDW
0,WN,SJC,ONT
0,WN,SJC,PDX
0,WN,SJC,PHX
0,WN,SJC,SAN
0,WN,SJC,SEA
0,WN,SJC,SNA
0,WN,SJU,ATL
0,WN,SJU,BWI
0,WN,SJU,FLL
0,WN,SJU,MCO
0,WN,SJU,TPA
0,WN,SLC,BWI
0,WN,SLC,DEN
0,WN,SLC,LAS
0,WN,SLC,LAX
0,WN,SLC,MDW
0,WN,SLC,OAK
0,WN,SLC,PDX
0,WN,SLC,PHX
0,WN,SLC,SEA
0,WN,SMF,BUR
0,WN,SMF,DEN
0,WN,SMF,LAS
0,WN,SMF,LAX
0,WN,SMF,MDW
0,WN,SMF,ONT
0,WN,SMF,PDX
0,WN,SMF,PHX
0,WN,SMF,SAN
0,WN,SMF,SEA
0,WN,SMF,SNA
0,WN,SNA,DEN
0,WN,SNA,HOU
0,WN,SNA,LAS
0,WN,SNA,OAK
0,WN,SNA,PHX
0,WN,SNA,SFO
0,WN,SNA,SJC
0,WN,SNA,SMF
0,WN,STL,ATL
0,WN,STL,BNA
0,WN,STL,BOS
0,WN,STL,BWI
0,WN,STL,CMH
0,WN,STL,DAL
0,WN,STL,DCA
0,WN,STL,DEN
0,WN,STL,DTW
0,WN,STL,ECP
0,WN,STL,EWR
0,WN,STL,FLL
0,WN,STL,GRR
0,WN,STL,HOU
0,WN,STL,LAS
0,WN,STL,LAX
0,WN,STL,LGA
0,WN,STL,MCI
0,WN,STL,MCO
0,WN,STL,MDW
0,WN,STL,MKE
0,WN,STL,MSP
0,WN,STL,MSY
0,WN,STL,OKC
0,WN,STL,OMA
0,WN,STL,PHL
0,WN,STL,PHX
0,WN,STL,RDU
0,WN,STL,RSW
0,WN,STL,SAN
0,WN,STL,SAT
0,WN,STL,TPA
0,WN,STL,TUL
0,WN,TPA,ALB
0,WN,TPA,ATL
0,WN,TPA,AUS
0,WN,TPA,BDL
0,WN,TPA,BHM
0,WN,TPA,BNA
0,WN,TPA,BUF
0,WN,TPA,BWI
0,WN,TPA,CAK
0,WN,TPA,CMH
0,WN,TPA,DAY
0,WN,TPA,DEN
0,WN,TPA,EYW
0,WN,TPA,FLL
0,WN,TPA,FNT
0,WN,TPA,GRR
0,WN,TPA,HOU
0,WN,TPA,IND
0,WN,TPA,ISP
0,WN,TPA,LAS
0,WN,TPA,MCI
0,WN,TPA,MDW
0,WN,TPA,MEM
0,WN,TPA,MHT
0,WN,TPA,MKE
0,WN,TPA,MSY
0,WN,TPA,PHL
0,WN,TPA,PHX
0,WN,TPA,PIT
0,WN,TPA,PVD
0,WN,TPA,RDU
0,WN,TPA,ROC
0,WN,TPA,SAT
0,WN,TPA,SDF
0,WN,TPA,SJU
0,WN,TPA,STL
0,WN,TUL,DAL
0,WN,TUL,DEN
0,WN,TUL,HOU
0,WN,TUL,LAS
0,WN,TUL,MDW
0,WN,TUL,PHX
0,WN,TUL,STL
0,WN,TUS,DEN
0,WN,TUS,LAS
0,WN,TUS,LAX
0,WN,TUS,MDW
0,WN,TUS,SAN
0,WS,ANU,YYZ
0,WS,ATL,JFK
0,WS,ATL,LGA
0,WS,ATL,YYZ
0,WS,AUA,YYZ
0,WS,AZS,YYZ
0,WS,BDA,YYZ
0,WS,BGI,YYZ
0,WS,CCC,YYZ
0,WS,CUN,YEG
0,WS,CUN,YHZ
0,WS,CUN,YUL
0,WS,CUN,YVR
0,WS,CUN,YYC
0,WS,CUN,YYZ
0,WS,CVG,YYZ
0,WS,DFW,YUL
0,WS,DFW,YVR
0,WS,DFW,YYC
0,WS,DFW,YYZ
0,WS,DTW,YYZ
0,WS,FLL,YUL
0,WS,FLL,YYZ
0,WS,GCM,YYZ
0,WS,HNL,YVR
0,WS,JFK,YUL
0,WS,JFK,YYC
0,WS,JFK,YYZ
0,WS,KIN,YYZ
0,WS,KOA,YVR
0,WS,LAS,YEG
0,WS,LAS,YQR
0,WS,LAS,YUL
0,WS,LAS,YVR
0,WS,LAS,YWG
0,WS,LAS,YXE
0,WS,LAS,YYC
0,WS,LAS,YYJ
0,WS,LAS,YYZ
0,WS,LAX,YEG
0,WS,LAX,YVR
0,WS,LAX,YYC
0,WS,LAX,YYZ
0,WS,LGA,ATL
0,WS,LGA,MSY
0,WS,LGA,YHZ
0,WS,LGA,YUL
0,WS,LGA,YYZ
0,WS,LIH,YVR
0,WS,LIR,YYZ
0,WS,MBJ,YHZ
0,WS,MBJ,YYZ
0,WS,MCO,YHZ
0,WS,MCO,YQM
0,WS,MCO,YYC
0,WS,MCO,YYT
0,WS,MCO,YYZ
0,WS,MIA,MSY
0,WS,MIA,YUL
0,WS,MIA,YYZ
0,WS,MSP,YUL
0,WS,MSP,YYZ
0,WS,MSY,LGA
0,WS,MSY,MIA
0,WS,MYR,YYZ
0,WS,NAS,YYZ
0,WS,OGG,YVR
0,WS,ORD,YUL
0,WS,ORD,YVR
0,WS,ORD,YYC
0,WS,ORD,YYZ
0,WS,PHX,YEG
0,WS,PHX,YYC
0,WS,PLS,YYZ
0,WS,POP,YYZ
0,WS,POS,YYZ
0,WS,PSP,YEG
0,WS,PSP,YVR
0,WS,PSP,YYC
0,WS,PUJ,YHZ
0,WS,PUJ,YUL
0,WS,PUJ,YYZ
0,WS,PVR,YEG
0,WS,PVR,YVR
0,WS,PVR,YYC
0,WS,RSW,YYZ
0,WS,SAN,YYC
0,WS,SFO,YVR
0,WS,SFO,YYC
0,WS,SJD,YVR
0,WS,SJD,YYC
0,WS,SJU,YYZ
0,WS,SNA,YVR
0,WS,SNU,YYZ
0,WS,SXM,YYZ
0,WS,TPA,YYZ
0,WS,UVF,YYZ
0,WS,VRA,YYZ
0,WS,YBR,YYC
0,WS,YCD,YYC
0,WS,YDF,YYZ
0,WS,YEG,CUN
0,WS,YEG,LAS
0,WS,YEG,LAX
0,WS,YEG,PHX
0,WS,YEG,PSP
0,WS,YEG,PVR
0,WS,YEG,YHM
0,WS,YEG,YLW
0,WS,YEG,YMM
0,WS,YEG,YOW
0,WS,YEG,YQQ
0,WS,YEG,YQR
0,WS,YEG,YQU
0,WS,YEG,YUL
0,WS,YEG,YVR
0,WS,YEG,YWG
0,WS,YEG,YXE
0,WS,YEG,YXX
0,WS,YEG,YYC
0,WS,YEG,YYJ
0,WS,YEG,YYZ
0,WS,YEG,YZF
0,WS,YHM,YEG
0,WS,YHM,YHZ
0,WS,YHM,YQM
0,WS,YHM,YYC
0,WS,YHZ,CUN
0,WS,YHZ,LGA
0,WS,YHZ,MBJ
0,WS,YHZ,MCO
0,WS,YHZ,PUJ
0,WS,YHZ,YHM
0,WS,YHZ,YOW
0,WS,YHZ,YYC
0,WS,YHZ,YYT
0,WS,YHZ,YYZ
0,WS,YKA,YYC
0,WS,YKF,YYC
0,WS,YLW,YEG
0,WS,YLW,YVR
0,WS,YLW,YYC
0,WS,YLW,YYJ
0,WS,YLW,YYZ
0,WS,YMM,YEG
0,WS,YMM,YYC
0,WS,YMM,YYZ
0,WS,YOW,YEG
0,WS,YOW,YHZ
0,WS,YOW,YWG
0,WS,YOW,YYC
0,WS,YOW,YYT
0,WS,YOW,YYZ
0,WS,YQB,YYZ
0,WS,YQG,YYC
0,WS,YQM,MCO
0,WS,YQM,YHM
0,WS,YQM,YYZ
0,WS,YQQ,YEG
0,WS,YQQ,YYC
0,WS,YQR,LAS
0,WS,YQR,YEG
0,WS,YQR,YVR
0,WS,YQR,YWG
0,WS,YQR,YYC
0,WS,YQR,YYZ
0,WS,YQT,YWG
0,WS,YQT,YYZ
0,WS,YQU,YEG
0,WS,YQU,YYC
0,WS,YUL,CUN
0,WS,YUL,DFW
0,WS,YUL,FLL
0,WS,YUL,JFK
0,WS,YUL,LAS
0,WS,YUL,LGA
0,WS,YUL,MIA
0,WS,YUL,MSP
0,WS,YUL,ORD
0,WS,YUL,PUJ
0,WS,YUL,YEG
0,WS,YUL,YVR
0,WS,YUL,YWG
0,WS,YUL,YYC
0,WS,YUL,YYZ
0,WS,YVR,CUN
0,WS,YVR,DFW
0,WS,YVR,HNL
0,WS,YVR,KOA
0,WS,YVR,LAS
0,WS,YVR,LAX
0,WS,YVR,LIH
0,WS,YVR,OGG
0,WS,YVR,ORD
0,WS,YVR,PSP
0,WS,YVR,PVR
0,WS,YVR,SFO
0,WS,YVR,SJD
0,WS,YVR,SNA
0,WS,YVR,YEG
0,WS,YVR,YLW
0,WS,YVR,YQR
0,WS,YVR,YUL
0,WS,YVR,YWG
0,WS,YVR,YXE
0,WS,YVR,YXJ
0,WS,YVR,YXS
0,WS,YVR,YXT
0,WS,YVR,YYC
0,WS,YVR,YYJ
0,WS,YVR,YYZ
0,WS,YWG,LAS
0,WS,YWG,YEG
0,WS,YWG,YOW
0,WS,YWG,YQR
0,WS,YWG,YQT
0,WS,YWG,YUL
0,WS,YWG,YVR
0,WS,YWG,YXE
0,WS,YWG,YXU
0,WS,YWG,YYC
0,WS,YWG,YYZ
0,WS,YXE,LAS
0,WS,YXE,YEG
0,WS,YXE,YVR
0,WS,YXE,YWG
0,WS,YXE,YYC
0,WS,YXE,YYZ
0,WS,YXJ,YVR
0,WS,YXJ,YYC
0,WS,YXS,YVR
0,WS,YXS,YYC
0,WS,YXT,YVR
0,WS,YXU,YWG
0,WS,YXU,YYC
0,WS,YXX,YEG
0,WS,YXX,YYC
0,WS,YYC,CUN
0,WS,YYC,DFW
0,WS,YYC,JFK
0,WS,YYC,LAS
0,WS,YYC,LAX
0,WS,YYC,MCO
0,WS,YYC,ORD
0,WS,YYC,PHX
0,WS,YYC,PSP
0,WS,YYC,PVR
0,WS,YYC,SAN
0,WS,YYC,SFO
0,WS,YYC,SJD
0,WS,YYC,YBR
0,WS,YYC,YCD
0,WS,YYC,YEG
0,WS,YYC,YHM
0,WS,YYC,YHZ
0,WS,YYC,YKA
0,WS,YYC,YKF
0,WS,YYC,YLW
0,WS,YYC,YMM
0,WS,YYC,YOW
0,WS,YYC,YQG
0,WS,YYC,YQQ
0,WS,YYC,YQR
0,WS,YYC,YQU
0,WS,YYC,YUL
0,WS,YYC,YVR
0,WS,YYC,YWG
0,WS,YYC,YXE
0,WS,YYC,YXJ
0,WS,YYC,YXS
0,WS,YYC,YXU
0,WS,YYC,YXX
0,WS,YYC,YYJ
0,WS,YYC,YYZ
0,WS,YYG,YYZ
0,WS,YYJ,LAS
0,WS,YYJ,YEG
0,WS,YYJ,YLW
0,WS,YYJ,YVR
0,WS,YYJ,YYC
0,WS,YYJ,YYZ
0,WS,YYT,MCO
0,WS,YYT,YHZ
0,WS,YYT,YOW
0,WS,YYT,YYZ
0,WS,YYZ,ANU
0,WS,YYZ,ATL
0,WS,YYZ,AUA
0,WS,YYZ,AZS
0,WS,YYZ,BDA
0,WS,YYZ,BGI
0,WS,YYZ,CCC
0,WS,YYZ,CUN
0,WS,YYZ,CVG
0,WS,YYZ,DFW
0,WS,YYZ,DTW
0,WS,YYZ,FLL
0,WS,YYZ,GCM
0,WS,YYZ,JFK
0,WS,YYZ,KIN
0,WS,YYZ,LAS
0,WS,YYZ,LAX
0,WS,YYZ,LGA
0,WS,YYZ,LIR
0,WS,YYZ,MBJ
0,WS,YYZ,MCO
0,WS,YYZ,MIA
0,WS,YYZ,MSP
0,WS,YYZ,MYR
0,WS,YYZ,NAS
0,WS,YYZ,ORD
0,WS,YYZ,PLS
0,WS,YYZ,POP
0,WS,YYZ,POS
0,WS,YYZ,PUJ
0,WS,YYZ,RSW
0,WS,YYZ,SJU
0,WS,YYZ,SNU
0,WS,YYZ,SXM
0,WS,YYZ,TPA
0,WS,YYZ,UVF
0,WS,YYZ,VRA
0,WS,YYZ,YDF
0,WS,YYZ,YEG
0,WS,YYZ,YHZ
0,WS,YYZ,YLW
0,WS,YYZ,YMM
0,WS,YYZ,YOW
0,WS,YYZ,YQB
0,WS,YYZ,YQM
0,WS,YYZ,YQR
0,WS,YYZ,YQT
0,WS,YYZ,YUL
0,WS,YYZ,YVR
0,WS,YYZ,YWG
0,WS,YYZ,YXE
0,WS,YYZ,YYC
0,WS,YYZ,YYG
0,WS,YYZ,YYJ
0,WS,YYZ,YYT
0,WS,YZF,YEG